reference,window,channel,x,y,dist_cz,row_acc,col_acc,pattern,row_p,col_p,row_null_mean,row_p_fdr,col_p_fdr
vertex,prestim_-0.50_to_0.00s,FP1,-0.1924464496629584,0.5922892699155132,0.6227697931378249,0.3016666666666667,0.17642857142857143,0.782921113329952,0.000999000999000999,0.000999000999000999,0.19979988095238096,True,True
vertex,prestim_-0.50_to_0.00s,FPZ,0.0,0.622769793137825,0.622769793137825,0.3314285714285714,0.1286904761904762,0.9975141708562465,0.000999000999000999,0.15984015984015984,0.19982035714285715,True,False
vertex,prestim_-0.50_to_0.00s,FP2,0.1924464496629584,0.5922892699155132,0.6227697931378249,0.3125,0.1580952380952381,0.7788597543497838,0.000999000999000999,0.000999000999000999,0.1999167857142857,True,True
vertex,prestim_-0.50_to_0.00s,AF3,-0.19572631237744492,0.46110229606836256,0.500923264379275,0.2839285714285714,0.19630952380952382,0.9583929462429323,0.000999000999000999,0.000999000999000999,0.19987595238095238,True,True
vertex,prestim_-0.50_to_0.00s,AF4,0.19572631237744492,0.46110229606836256,0.500923264379275,0.29273809523809524,0.17916666666666667,0.8977359476127487,0.000999000999000999,0.000999000999000999,0.19982285714285714,True,True
vertex,prestim_-0.50_to_0.00s,F7,-0.5038313462318709,0.36605489997964774,0.6227697931378249,0.22380952380952382,0.30773809523809526,0.26307353105733683,0.000999000999000999,0.000999000999000999,0.19993988095238097,True,True
vertex,prestim_-0.50_to_0.00s,F5,-0.38316449267044905,0.3330798118805041,0.5076979313782504,0.2236904761904762,0.28,0.30294348864944043,0.000999000999000999,0.000999000999000999,0.19981035714285714,True,True
vertex,prestim_-0.50_to_0.00s,F3,-0.2555991277378157,0.31563863605626796,0.4061510343108748,0.24702380952380953,0.2307142857142857,0.4457773988705681,0.000999000999000999,0.000999000999000999,0.19977404761904763,True,True
vertex,prestim_-0.50_to_0.00s,F1,-0.12679132837194124,0.31381954998058037,0.3384652875855003,0.27440476190476193,0.17702380952380953,0.5988999270927183,0.000999000999000999,0.000999000999000999,0.19967761904761902,True,True
vertex,prestim_-0.50_to_0.00s,FZ,0.0,0.31139098889535044,0.31139098889535044,0.29488095238095235,0.13154761904761905,1.0,0.000999000999000999,0.04295704295704296,0.19981476190476188,True,True
vertex,prestim_-0.50_to_0.00s,F2,0.12679132837194124,0.31381954998058037,0.3384652875855003,0.2825,0.15904761904761905,0.7362676527313444,0.000999000999000999,0.000999000999000999,0.19972607142857146,True,True
vertex,prestim_-0.50_to_0.00s,F4,0.2555991277378157,0.31563863605626796,0.4061510343108748,0.251547619047619,0.2179761904761905,0.5033960603072598,0.000999000999000999,0.000999000999000999,0.1998627380952381,True,True
vertex,prestim_-0.50_to_0.00s,F6,0.38316449267044905,0.3330798118805041,0.5076979313782504,0.23238095238095238,0.2720238095238095,0.320521075048109,0.000999000999000999,0.000999000999000999,0.19991619047619047,True,True
vertex,prestim_-0.50_to_0.00s,F8,0.5038313462318709,0.36605489997964774,0.6227697931378249,0.22142857142857142,0.30988095238095237,0.2657515843185913,0.000999000999000999,0.000999000999000999,0.19989559523809525,True,True
vertex,prestim_-0.50_to_0.00s,FT7,-0.5922892699155132,0.19244644966295846,0.622769793137825,0.22702380952380952,0.2835714285714286,0.2120148448768825,0.000999000999000999,0.000999000999000999,0.20007119047619049,True,True
vertex,prestim_-0.50_to_0.00s,FC5,-0.4486894406361628,0.17223573916038115,0.4806114480352247,0.21880952380952381,0.28476190476190477,0.1853878898014976,0.000999000999000999,0.000999000999000999,0.19993845238095237,True,True
vertex,prestim_-0.50_to_0.00s,FC3,-0.2988471109399219,0.15889982751154078,0.33846528758550026,0.23642857142857143,0.24071428571428571,0.40082363036373386,0.000999000999000999,0.000999000999000999,0.19980428571428568,True,True
vertex,prestim_-0.50_to_0.00s,FC1,-0.15317259329874983,0.15317259329874983,0.21661875882695025,0.2480952380952381,0.1992857142857143,0.40972655552372506,0.000999000999000999,0.000999000999000999,0.19965238095238094,True,True
vertex,prestim_-0.50_to_0.00s,FCz,0.0,0.15569549444767522,0.15569549444767522,0.2727380952380952,0.13488095238095238,0.7162161868762399,0.000999000999000999,0.003996003996003996,0.19993095238095238,True,True
vertex,prestim_-0.50_to_0.00s,FC2,0.15317259329874983,0.15317259329874983,0.21661875882695025,0.25333333333333335,0.18357142857142858,0.3863465200002986,0.000999000999000999,0.000999000999000999,0.19969238095238095,True,True
vertex,prestim_-0.50_to_0.00s,FC4,0.2988471109399219,0.15889982751154078,0.33846528758550026,0.23511904761904762,0.22976190476190475,0.18734152367113377,0.000999000999000999,0.000999000999000999,0.19955142857142857,True,True
vertex,prestim_-0.50_to_0.00s,FC6,0.4486894406361628,0.17223573916038115,0.4806114480352247,0.2205952380952381,0.2978571428571429,0.23391684525048748,0.000999000999000999,0.000999000999000999,0.1998377380952381,True,True
vertex,prestim_-0.50_to_0.00s,FT8,0.5922892699155132,0.19244644966295846,0.622769793137825,0.23035714285714284,0.3117857142857143,0.4151844471820525,0.000999000999000999,0.000999000999000999,0.20001833333333335,True,True
vertex,prestim_-0.50_to_0.00s,T7,-0.622769793137825,3.8133651688594835e-17,0.622769793137825,0.2448809523809524,0.265,0.32898419905527737,0.000999000999000999,0.000999000999000999,0.19987785714285716,True,True
vertex,prestim_-0.50_to_0.00s,C5,-0.4670742986901498,2.860005224274434e-17,0.4670742986901498,0.2211904761904762,0.2679761904761905,0.16716728224683827,0.000999000999000999,0.000999000999000999,0.20011547619047618,True,True
vertex,prestim_-0.50_to_0.00s,C3,-0.31139098889535044,1.9067198891700998e-17,0.31139098889535044,0.22345238095238096,0.2642857142857143,0.19573496273212979,0.000999000999000999,0.000999000999000999,0.20007619047619046,True,True
vertex,prestim_-0.50_to_0.00s,C1,-0.15569549444767522,9.533599445850499e-18,0.15569549444767522,0.2373809523809524,0.2301190476190476,0.2447140725770843,0.000999000999000999,0.000999000999000999,0.19977535714285716,True,True
vertex,prestim_-0.50_to_0.00s,Cz,0.0,0.0,0.0,0.23202380952380952,0.1294047619047619,0.35060877077975816,0.000999000999000999,0.1048951048951049,0.20001488095238093,True,False
vertex,prestim_-0.50_to_0.00s,C2,0.15569549444767522,9.533599445850499e-18,0.15569549444767522,0.23297619047619048,0.23357142857142857,0.2544181416798231,0.000999000999000999,0.000999000999000999,0.19978547619047618,True,True
vertex,prestim_-0.50_to_0.00s,C4,0.31139098889535044,1.9067198891700998e-17,0.31139098889535044,0.21071428571428572,0.2702380952380952,0.20273134121779993,0.008991008991008992,0.000999000999000999,0.19976261904761908,True,True
vertex,prestim_-0.50_to_0.00s,C6,0.4670742986901498,2.860005224274434e-17,0.4670742986901498,0.22714285714285715,0.2894047619047619,0.3270126062099724,0.000999000999000999,0.000999000999000999,0.19975559523809522,True,True
vertex,prestim_-0.50_to_0.00s,T8,0.622769793137825,3.8133651688594835e-17,0.622769793137825,0.23476190476190475,0.2851190476190476,0.543087703726441,0.000999000999000999,0.000999000999000999,0.19976690476190476,True,True
vertex,prestim_-0.50_to_0.00s,M1,0.8664628506549251,5.305554783173226e-17,0.8664628506549251,0.3132142857142857,0.17964285714285713,0.9429436387129347,0.000999000999000999,0.000999000999000999,0.19991285714285714,True,True
vertex,prestim_-0.50_to_0.00s,TP7,-0.5922892699155132,-0.19244644966295837,0.6227697931378249,0.25166666666666665,0.22714285714285715,0.43193517626683137,0.000999000999000999,0.000999000999000999,0.2000377380952381,True,True
vertex,prestim_-0.50_to_0.00s,CP5,-0.4486894406361628,-0.17223573916038112,0.4806114480352247,0.2419047619047619,0.2357142857142857,0.26076778767539166,0.000999000999000999,0.000999000999000999,0.1998302380952381,True,True
vertex,prestim_-0.50_to_0.00s,CP3,-0.2988471109399219,-0.15889982751154083,0.33846528758550026,0.23166666666666666,0.2288095238095238,0.268724943912606,0.000999000999000999,0.000999000999000999,0.19988190476190476,True,True
vertex,prestim_-0.50_to_0.00s,CP1,-0.15317259329874983,-0.1531725932987498,0.21661875882695023,0.22595238095238096,0.21261904761904762,0.27958065427373635,0.000999000999000999,0.000999000999000999,0.19977559523809524,True,True
vertex,prestim_-0.50_to_0.00s,CPZ,1.9067198891700998e-17,-0.15569549444767522,0.15569549444767522,0.22547619047619047,0.1319047619047619,0.2854040790969846,0.000999000999000999,0.03596403596403597,0.19971285714285716,True,True
vertex,prestim_-0.50_to_0.00s,CP2,0.15317259329874983,-0.1531725932987498,0.21661875882695023,0.22607142857142856,0.22380952380952382,0.2716246230128605,0.000999000999000999,0.000999000999000999,0.19988214285714287,True,True
vertex,prestim_-0.50_to_0.00s,CP4,0.2988471109399219,-0.15889982751154083,0.33846528758550026,0.23345238095238094,0.23976190476190476,0.3271535466769828,0.000999000999000999,0.000999000999000999,0.19971357142857143,True,True
vertex,prestim_-0.50_to_0.00s,CP6,0.4486894406361628,-0.17223573916038112,0.4806114480352247,0.24166666666666667,0.24583333333333332,0.4132745494460796,0.000999000999000999,0.000999000999000999,0.1998032142857143,True,True
vertex,prestim_-0.50_to_0.00s,TP8,0.5922892699155132,-0.19244644966295837,0.6227697931378249,0.25642857142857145,0.24297619047619048,0.5930200491650548,0.000999000999000999,0.000999000999000999,0.1997614285714286,True,True
vertex,prestim_-0.50_to_0.00s,M2,-0.8664628506549251,5.305554783173226e-17,0.8664628506549251,0.31452380952380954,0.1825,0.9702113052721989,0.000999000999000999,0.000999000999000999,0.19986333333333334,True,True
vertex,prestim_-0.50_to_0.00s,P7,-0.5038313462318709,-0.3660548999796477,0.6227697931378249,0.275,0.18035714285714285,0.4851045206014313,0.000999000999000999,0.000999000999000999,0.19977190476190476,True,True
vertex,prestim_-0.50_to_0.00s,P5,-0.3831644926704491,-0.33307981188050406,0.5076979313782504,0.25523809523809526,0.18333333333333332,0.3652796675470717,0.000999000999000999,0.000999000999000999,0.19994166666666666,True,True
vertex,prestim_-0.50_to_0.00s,P3,-0.2555991277378157,-0.31563863605626796,0.4061510343108748,0.25214285714285717,0.18535714285714286,0.43332745483218293,0.000999000999000999,0.000999000999000999,0.1997211904761905,True,True
vertex,prestim_-0.50_to_0.00s,P1,-0.12679132837194132,-0.3138195499805803,0.33846528758550026,0.23952380952380953,0.16273809523809524,0.4119787851651456,0.000999000999000999,0.000999000999000999,0.19976142857142856,True,True
vertex,prestim_-0.50_to_0.00s,PZ,3.8134397783401996e-17,-0.31139098889535044,0.31139098889535044,0.2530952380952381,0.14833333333333334,0.32109593031429695,0.000999000999000999,0.000999000999000999,0.19987833333333332,True,True
vertex,prestim_-0.50_to_0.00s,P2,0.12679132837194132,-0.3138195499805803,0.33846528758550026,0.25333333333333335,0.17392857142857143,0.421837748633145,0.000999000999000999,0.000999000999000999,0.1997865476190476,True,True
vertex,prestim_-0.50_to_0.00s,P4,0.2555991277378157,-0.31563863605626796,0.4061510343108748,0.25166666666666665,0.19,0.41340943943514924,0.000999000999000999,0.000999000999000999,0.1996915476190476,True,True
vertex,prestim_-0.50_to_0.00s,P6,0.3831644926704491,-0.33307981188050406,0.5076979313782504,0.25726190476190475,0.19952380952380952,0.4535650849377888,0.000999000999000999,0.000999000999000999,0.19977035714285715,True,True
vertex,prestim_-0.50_to_0.00s,P8,0.5038313462318709,-0.3660548999796477,0.6227697931378249,0.27166666666666667,0.20023809523809524,0.528510311854281,0.000999000999000999,0.000999000999000999,0.19999035714285712,True,True
vertex,prestim_-0.50_to_0.00s,PO7,-0.3660548999796478,-0.5038313462318709,0.622769793137825,0.2720238095238095,0.16285714285714287,0.5787860544747337,0.000999000999000999,0.000999000999000999,0.19984059523809522,True,True
vertex,prestim_-0.50_to_0.00s,PO5,-0.3202971422372838,-0.4408511957539812,0.5449220459139874,0.2698809523809524,0.16166666666666665,0.6027036471064816,0.000999000999000999,0.000999000999000999,0.19969011904761905,True,True
vertex,prestim_-0.50_to_0.00s,PO3,-0.19572631237744492,-0.46110229606836256,0.500923264379275,0.2625,0.1529761904761905,0.5952633245866548,0.000999000999000999,0.000999000999000999,0.19963357142857144,True,True
vertex,prestim_-0.50_to_0.00s,POz,5.720010448548868e-17,-0.4670742986901498,0.4670742986901498,0.2625,0.14214285714285715,0.48859184752343515,0.000999000999000999,0.000999000999000999,0.19984119047619048,True,True
vertex,prestim_-0.50_to_0.00s,PO4,0.19572631237744492,-0.46110229606836256,0.500923264379275,0.2604761904761905,0.15857142857142856,0.5344873175077328,0.000999000999000999,0.000999000999000999,0.19968440476190477,True,True
vertex,prestim_-0.50_to_0.00s,PO6,0.3202971422372838,-0.4408511957539812,0.5449220459139874,0.2669047619047619,0.16238095238095238,0.4712187413966634,0.000999000999000999,0.000999000999000999,0.19978333333333337,True,True
vertex,prestim_-0.50_to_0.00s,PO8,0.3660548999796478,-0.5038313462318709,0.622769793137825,0.27071428571428574,0.16797619047619047,0.4678698754297821,0.000999000999000999,0.000999000999000999,0.19980130952380956,True,True
vertex,prestim_-0.50_to_0.00s,CB1,-0.6222539674441618,-0.6222539674441617,0.88,0.2892857142857143,0.13964285714285715,0.5958443741983963,0.000999000999000999,0.000999000999000999,0.19988285714285714,True,True
vertex,prestim_-0.50_to_0.00s,O1,-0.19244644966295849,-0.5922892699155132,0.622769793137825,0.2810714285714286,0.14273809523809525,0.5800202321366507,0.000999000999000999,0.000999000999000999,0.19978773809523812,True,True
vertex,prestim_-0.50_to_0.00s,Oz,7.626730337718967e-17,-0.622769793137825,0.622769793137825,0.2798809523809524,0.13607142857142857,0.5914370814999289,0.000999000999000999,0.004995004995004995,0.19985690476190476,True,True
vertex,prestim_-0.50_to_0.00s,O2,0.19244644966295849,-0.5922892699155132,0.622769793137825,0.2783333333333333,0.14797619047619048,0.596685372592443,0.000999000999000999,0.000999000999000999,0.19981464285714284,True,True
vertex,prestim_-0.50_to_0.00s,CB2,0.6222539674441618,-0.6222539674441617,0.88,0.2905952380952381,0.14761904761904762,0.672742109497306,0.000999000999000999,0.000999000999000999,0.19996488095238096,True,True
vertex,prestimTRIM_-0.50_to_-0.10s,FP1,-0.1924464496629584,0.5922892699155132,0.6227697931378249,0.3011904761904762,0.1744047619047619,0.8041508923671081,0.000999000999000999,0.000999000999000999,0.19988583333333332,True,True
vertex,prestimTRIM_-0.50_to_-0.10s,FPZ,0.0,0.622769793137825,0.622769793137825,0.32011904761904764,0.1270238095238095,1.0,0.000999000999000999,0.2887112887112887,0.19994809523809526,True,False
vertex,prestimTRIM_-0.50_to_-0.10s,FP2,0.1924464496629584,0.5922892699155132,0.6227697931378249,0.30714285714285716,0.15928571428571428,0.785593685382179,0.000999000999000999,0.000999000999000999,0.19994154761904764,True,True
vertex,prestimTRIM_-0.50_to_-0.10s,AF3,-0.19572631237744492,0.46110229606836256,0.500923264379275,0.28035714285714286,0.1944047619047619,0.9812151596433715,0.000999000999000999,0.000999000999000999,0.19985464285714283,True,True
vertex,prestimTRIM_-0.50_to_-0.10s,AF4,0.19572631237744492,0.46110229606836256,0.500923264379275,0.2875,0.18,0.8811176568833686,0.000999000999000999,0.000999000999000999,0.20013119047619046,True,True
vertex,prestimTRIM_-0.50_to_-0.10s,F7,-0.5038313462318709,0.36605489997964774,0.6227697931378249,0.21785714285714286,0.3138095238095238,0.35430992079857193,0.000999000999000999,0.000999000999000999,0.19983916666666665,True,True
vertex,prestimTRIM_-0.50_to_-0.10s,F5,-0.38316449267044905,0.3330798118805041,0.5076979313782504,0.22285714285714286,0.2844047619047619,0.36598435431005905,0.000999000999000999,0.000999000999000999,0.1998902380952381,True,True
vertex,prestimTRIM_-0.50_to_-0.10s,F3,-0.2555991277378157,0.31563863605626796,0.4061510343108748,0.24369047619047618,0.2317857142857143,0.47431010773685944,0.000999000999000999,0.000999000999000999,0.19992035714285714,True,True
vertex,prestimTRIM_-0.50_to_-0.10s,F1,-0.12679132837194124,0.31381954998058037,0.3384652875855003,0.2719047619047619,0.18178571428571427,0.6044347260217651,0.000999000999000999,0.000999000999000999,0.19972190476190474,True,True
vertex,prestimTRIM_-0.50_to_-0.10s,FZ,0.0,0.31139098889535044,0.31139098889535044,0.2872619047619048,0.13154761904761905,0.995378213888999,0.000999000999000999,0.03996003996003996,0.19977178571428572,True,True
vertex,prestimTRIM_-0.50_to_-0.10s,F2,0.12679132837194124,0.31381954998058037,0.3384652875855003,0.27666666666666667,0.1605952380952381,0.7169794116285811,0.000999000999000999,0.000999000999000999,0.19986464285714287,True,True
vertex,prestimTRIM_-0.50_to_-0.10s,F4,0.2555991277378157,0.31563863605626796,0.4061510343108748,0.2479761904761905,0.21821428571428572,0.4844508549752678,0.000999000999000999,0.000999000999000999,0.19999642857142857,True,True
vertex,prestimTRIM_-0.50_to_-0.10s,F6,0.38316449267044905,0.3330798118805041,0.5076979313782504,0.22916666666666666,0.2698809523809524,0.33531792925308196,0.000999000999000999,0.000999000999000999,0.19994940476190476,True,True
vertex,prestimTRIM_-0.50_to_-0.10s,F8,0.5038313462318709,0.36605489997964774,0.6227697931378249,0.21880952380952381,0.31214285714285717,0.3309313829032861,0.000999000999000999,0.000999000999000999,0.19993440476190477,True,True
vertex,prestimTRIM_-0.50_to_-0.10s,FT7,-0.5922892699155132,0.19244644966295846,0.622769793137825,0.22845238095238096,0.28404761904761905,0.23979164261878644,0.000999000999000999,0.000999000999000999,0.2000320238095238,True,True
vertex,prestimTRIM_-0.50_to_-0.10s,FC5,-0.4486894406361628,0.17223573916038115,0.4806114480352247,0.21880952380952381,0.2842857142857143,0.24814361569253157,0.000999000999000999,0.000999000999000999,0.19982988095238097,True,True
vertex,prestimTRIM_-0.50_to_-0.10s,FC3,-0.2988471109399219,0.15889982751154078,0.33846528758550026,0.22952380952380952,0.24214285714285713,0.45540912858926313,0.000999000999000999,0.000999000999000999,0.1997134523809524,True,True
vertex,prestimTRIM_-0.50_to_-0.10s,FC1,-0.15317259329874983,0.15317259329874983,0.21661875882695025,0.24535714285714286,0.1976190476190476,0.43044885842891795,0.000999000999000999,0.000999000999000999,0.19970309523809524,True,True
vertex,prestimTRIM_-0.50_to_-0.10s,FCz,0.0,0.15569549444767522,0.15569549444767522,0.2717857142857143,0.13297619047619047,0.6927249484312329,0.000999000999000999,0.02097902097902098,0.19997559523809524,True,True
vertex,prestimTRIM_-0.50_to_-0.10s,FC2,0.15317259329874983,0.15317259329874983,0.21661875882695025,0.24714285714285714,0.18464285714285714,0.37326249519181387,0.000999000999000999,0.000999000999000999,0.19982892857142856,True,True
vertex,prestimTRIM_-0.50_to_-0.10s,FC4,0.2988471109399219,0.15889982751154078,0.33846528758550026,0.22595238095238096,0.23,0.1797489087095953,0.000999000999000999,0.000999000999000999,0.19968,True,True
vertex,prestimTRIM_-0.50_to_-0.10s,FC6,0.4486894406361628,0.17223573916038115,0.4806114480352247,0.2130952380952381,0.2963095238095238,0.2854400886384105,0.004995004995004995,0.000999000999000999,0.20006488095238095,True,True
vertex,prestimTRIM_-0.50_to_-0.10s,FT8,0.5922892699155132,0.19244644966295846,0.622769793137825,0.22904761904761906,0.31273809523809526,0.4810804987298806,0.000999000999000999,0.000999000999000999,0.20008869047619046,True,True
vertex,prestimTRIM_-0.50_to_-0.10s,T7,-0.622769793137825,3.8133651688594835e-17,0.622769793137825,0.24571428571428572,0.26666666666666666,0.33483747424599375,0.000999000999000999,0.000999000999000999,0.19993547619047622,True,True
vertex,prestimTRIM_-0.50_to_-0.10s,C5,-0.4670742986901498,2.860005224274434e-17,0.4670742986901498,0.22142857142857142,0.2717857142857143,0.18568976916998156,0.000999000999000999,0.000999000999000999,0.2001240476190476,True,True
vertex,prestimTRIM_-0.50_to_-0.10s,C3,-0.31139098889535044,1.9067198891700998e-17,0.31139098889535044,0.22404761904761905,0.26154761904761903,0.2570204369488099,0.000999000999000999,0.000999000999000999,0.20019904761904764,True,True
vertex,prestimTRIM_-0.50_to_-0.10s,C1,-0.15569549444767522,9.533599445850499e-18,0.15569549444767522,0.23357142857142857,0.23285714285714285,0.28634128283960586,0.000999000999000999,0.000999000999000999,0.19981202380952381,True,True
vertex,prestimTRIM_-0.50_to_-0.10s,Cz,0.0,0.0,0.0,0.23142857142857143,0.12595238095238095,0.3410201178975636,0.000999000999000999,0.3906093906093906,0.19994892857142857,True,False
vertex,prestimTRIM_-0.50_to_-0.10s,C2,0.15569549444767522,9.533599445850499e-18,0.15569549444767522,0.23285714285714285,0.2332142857142857,0.2915128215140624,0.000999000999000999,0.000999000999000999,0.19982154761904763,True,True
vertex,prestimTRIM_-0.50_to_-0.10s,C4,0.31139098889535044,1.9067198891700998e-17,0.31139098889535044,0.21452380952380953,0.2679761904761905,0.23529432536480424,0.000999000999000999,0.000999000999000999,0.19989726190476187,True,True
vertex,prestimTRIM_-0.50_to_-0.10s,C6,0.4670742986901498,2.860005224274434e-17,0.4670742986901498,0.22726190476190475,0.2910714285714286,0.37199208517941795,0.000999000999000999,0.000999000999000999,0.19978297619047616,True,True
vertex,prestimTRIM_-0.50_to_-0.10s,T8,0.622769793137825,3.8133651688594835e-17,0.622769793137825,0.23357142857142857,0.2876190476190476,0.5848855479971813,0.000999000999000999,0.000999000999000999,0.19993833333333333,True,True
vertex,prestimTRIM_-0.50_to_-0.10s,M1,0.8664628506549251,5.305554783173226e-17,0.8664628506549251,0.3136904761904762,0.18392857142857144,0.936809525846914,0.000999000999000999,0.000999000999000999,0.20019202380952378,True,True
vertex,prestimTRIM_-0.50_to_-0.10s,TP7,-0.5922892699155132,-0.19244644966295837,0.6227697931378249,0.25583333333333336,0.22428571428571428,0.4376910540739253,0.000999000999000999,0.000999000999000999,0.19994011904761905,True,True
vertex,prestimTRIM_-0.50_to_-0.10s,CP5,-0.4486894406361628,-0.17223573916038112,0.4806114480352247,0.24702380952380953,0.2388095238095238,0.26869392921032853,0.000999000999000999,0.000999000999000999,0.19988630952380954,True,True
vertex,prestimTRIM_-0.50_to_-0.10s,CP3,-0.2988471109399219,-0.15889982751154083,0.33846528758550026,0.22988095238095238,0.22476190476190477,0.2899515205227966,0.000999000999000999,0.000999000999000999,0.19982,True,True
vertex,prestimTRIM_-0.50_to_-0.10s,CP1,-0.15317259329874983,-0.1531725932987498,0.21661875882695023,0.22714285714285715,0.21,0.25486044631819,0.000999000999000999,0.000999000999000999,0.1996870238095238,True,True
vertex,prestimTRIM_-0.50_to_-0.10s,CPZ,1.9067198891700998e-17,-0.15569549444767522,0.15569549444767522,0.21833333333333332,0.12761904761904763,0.2424276479761345,0.000999000999000999,0.24275724275724275,0.20002880952380953,True,False
vertex,prestimTRIM_-0.50_to_-0.10s,CP2,0.15317259329874983,-0.1531725932987498,0.21661875882695023,0.2226190476190476,0.21714285714285714,0.29215416484929485,0.000999000999000999,0.000999000999000999,0.19989869047619047,True,True
vertex,prestimTRIM_-0.50_to_-0.10s,CP4,0.2988471109399219,-0.15889982751154083,0.33846528758550026,0.23107142857142857,0.2342857142857143,0.34960717473629344,0.000999000999000999,0.000999000999000999,0.19981059523809525,True,True
vertex,prestimTRIM_-0.50_to_-0.10s,CP6,0.4486894406361628,-0.17223573916038112,0.4806114480352247,0.24154761904761904,0.24571428571428572,0.44158902223888385,0.000999000999000999,0.000999000999000999,0.1998111904761905,True,True
vertex,prestimTRIM_-0.50_to_-0.10s,TP8,0.5922892699155132,-0.19244644966295837,0.6227697931378249,0.25083333333333335,0.23642857142857143,0.6395293570880048,0.000999000999000999,0.000999000999000999,0.19987369047619047,True,True
vertex,prestimTRIM_-0.50_to_-0.10s,M2,-0.8664628506549251,5.305554783173226e-17,0.8664628506549251,0.31166666666666665,0.18476190476190477,0.9902235835090414,0.000999000999000999,0.000999000999000999,0.20008964285714284,True,True
vertex,prestimTRIM_-0.50_to_-0.10s,P7,-0.5038313462318709,-0.3660548999796477,0.6227697931378249,0.27,0.17547619047619048,0.49060709983082645,0.000999000999000999,0.000999000999000999,0.19994142857142855,True,True
vertex,prestimTRIM_-0.50_to_-0.10s,P5,-0.3831644926704491,-0.33307981188050406,0.5076979313782504,0.25642857142857145,0.18023809523809523,0.37694525923080074,0.000999000999000999,0.000999000999000999,0.1999814285714286,True,True
vertex,prestimTRIM_-0.50_to_-0.10s,P3,-0.2555991277378157,-0.31563863605626796,0.4061510343108748,0.25047619047619046,0.1792857142857143,0.43930701276581136,0.000999000999000999,0.000999000999000999,0.19973892857142858,True,True
vertex,prestimTRIM_-0.50_to_-0.10s,P1,-0.12679132837194132,-0.3138195499805803,0.33846528758550026,0.23892857142857143,0.15333333333333332,0.3929678157681787,0.000999000999000999,0.000999000999000999,0.19982440476190477,True,True
vertex,prestimTRIM_-0.50_to_-0.10s,PZ,3.8134397783401996e-17,-0.31139098889535044,0.31139098889535044,0.2525,0.13702380952380952,0.29233022350252125,0.000999000999000999,0.001998001998001998,0.19983392857142857,True,True
vertex,prestimTRIM_-0.50_to_-0.10s,P2,0.12679132837194132,-0.3138195499805803,0.33846528758550026,0.24976190476190477,0.1719047619047619,0.4186217247042752,0.000999000999000999,0.000999000999000999,0.1997202380952381,True,True
vertex,prestimTRIM_-0.50_to_-0.10s,P4,0.2555991277378157,-0.31563863605626796,0.4061510343108748,0.25273809523809526,0.19095238095238096,0.42989729836612467,0.000999000999000999,0.000999000999000999,0.19991523809523806,True,True
vertex,prestimTRIM_-0.50_to_-0.10s,P6,0.3831644926704491,-0.33307981188050406,0.5076979313782504,0.25761904761904764,0.19666666666666666,0.482684924190028,0.000999000999000999,0.000999000999000999,0.1998077380952381,True,True
vertex,prestimTRIM_-0.50_to_-0.10s,P8,0.5038313462318709,-0.3660548999796477,0.6227697931378249,0.2751190476190476,0.1944047619047619,0.5579434978798178,0.000999000999000999,0.000999000999000999,0.19996297619047618,True,True
vertex,prestimTRIM_-0.50_to_-0.10s,PO7,-0.3660548999796478,-0.5038313462318709,0.622769793137825,0.2717857142857143,0.15488095238095237,0.59244149956469,0.000999000999000999,0.000999000999000999,0.19972750000000003,True,True
vertex,prestimTRIM_-0.50_to_-0.10s,PO5,-0.3202971422372838,-0.4408511957539812,0.5449220459139874,0.2683333333333333,0.15595238095238095,0.6147613072797306,0.000999000999000999,0.000999000999000999,0.19971297619047618,True,True
vertex,prestimTRIM_-0.50_to_-0.10s,PO3,-0.19572631237744492,-0.46110229606836256,0.500923264379275,0.26107142857142857,0.14785714285714285,0.604085497873041,0.000999000999000999,0.000999000999000999,0.19974440476190478,True,True
vertex,prestimTRIM_-0.50_to_-0.10s,POz,5.720010448548868e-17,-0.4670742986901498,0.4670742986901498,0.26011904761904764,0.135,0.4854878627227237,0.000999000999000999,0.005994005994005994,0.19994488095238094,True,True
vertex,prestimTRIM_-0.50_to_-0.10s,PO4,0.19572631237744492,-0.46110229606836256,0.500923264379275,0.2652380952380952,0.14869047619047618,0.5442091498674307,0.000999000999000999,0.000999000999000999,0.19980416666666667,True,True
vertex,prestimTRIM_-0.50_to_-0.10s,PO6,0.3202971422372838,-0.4408511957539812,0.5449220459139874,0.26654761904761903,0.15630952380952381,0.4903946274904155,0.000999000999000999,0.000999000999000999,0.19982166666666668,True,True
vertex,prestimTRIM_-0.50_to_-0.10s,PO8,0.3660548999796478,-0.5038313462318709,0.622769793137825,0.27226190476190476,0.1632142857142857,0.49214035819560964,0.000999000999000999,0.000999000999000999,0.19992833333333335,True,True
vertex,prestimTRIM_-0.50_to_-0.10s,CB1,-0.6222539674441618,-0.6222539674441617,0.88,0.2889285714285714,0.1286904761904762,0.6101363827316265,0.000999000999000999,0.16883116883116883,0.19987988095238096,True,False
vertex,prestimTRIM_-0.50_to_-0.10s,O1,-0.19244644966295849,-0.5922892699155132,0.622769793137825,0.2770238095238095,0.13797619047619047,0.5897551099788771,0.000999000999000999,0.000999000999000999,0.19987047619047618,True,True
vertex,prestimTRIM_-0.50_to_-0.10s,Oz,7.626730337718967e-17,-0.622769793137825,0.622769793137825,0.2792857142857143,0.12857142857142856,0.5910364473552636,0.000999000999000999,0.18281718281718282,0.19995166666666667,True,False
vertex,prestimTRIM_-0.50_to_-0.10s,O2,0.19244644966295849,-0.5922892699155132,0.622769793137825,0.2791666666666667,0.14404761904761904,0.6094390914980554,0.000999000999000999,0.000999000999000999,0.19987416666666666,True,True
vertex,prestimTRIM_-0.50_to_-0.10s,CB2,0.6222539674441618,-0.6222539674441617,0.88,0.2895238095238095,0.1367857142857143,0.6945737715021927,0.000999000999000999,0.000999000999000999,0.1998577380952381,True,True
vertex,stim_0.14_to_0.64s,FP1,-0.1924464496629584,0.5922892699155132,0.6227697931378249,0.25821428571428573,nan,0.23613631572253244,0.000999000999000999,nan,0.19990666666666668,True,
vertex,stim_0.14_to_0.64s,FPZ,0.0,0.622769793137825,0.622769793137825,0.2714285714285714,nan,0.33109927240996245,0.000999000999000999,nan,0.20003452380952383,True,
vertex,stim_0.14_to_0.64s,FP2,0.1924464496629584,0.5922892699155132,0.6227697931378249,0.2661904761904762,nan,0.27203004284902343,0.000999000999000999,nan,0.19996964285714283,True,
vertex,stim_0.14_to_0.64s,AF3,-0.19572631237744492,0.46110229606836256,0.500923264379275,0.24571428571428572,nan,0.32099933982588164,0.000999000999000999,nan,0.20008916666666665,True,
vertex,stim_0.14_to_0.64s,AF4,0.19572631237744492,0.46110229606836256,0.500923264379275,0.25107142857142856,nan,0.3578779499264669,0.000999000999000999,nan,0.20011535714285714,True,
vertex,stim_0.14_to_0.64s,F7,-0.5038313462318709,0.36605489997964774,0.6227697931378249,0.2138095238095238,nan,0.4784109297833449,0.001998001998001998,nan,0.2001134523809524,True,
vertex,stim_0.14_to_0.64s,F5,-0.38316449267044905,0.3330798118805041,0.5076979313782504,0.2144047619047619,nan,0.42652306348529195,0.000999000999000999,nan,0.19991857142857145,True,
vertex,stim_0.14_to_0.64s,F3,-0.2555991277378157,0.31563863605626796,0.4061510343108748,0.22845238095238096,nan,0.35627717583298624,0.000999000999000999,nan,0.1998304761904762,True,
vertex,stim_0.14_to_0.64s,F1,-0.12679132837194124,0.31381954998058037,0.3384652875855003,0.23726190476190476,nan,0.39376475979627656,0.000999000999000999,nan,0.20005916666666668,True,
vertex,stim_0.14_to_0.64s,FZ,0.0,0.31139098889535044,0.31139098889535044,0.24726190476190477,nan,0.4453684538940944,0.000999000999000999,nan,0.20009857142857143,True,
vertex,stim_0.14_to_0.64s,F2,0.12679132837194124,0.31381954998058037,0.3384652875855003,0.2392857142857143,nan,0.5081928961642386,0.000999000999000999,nan,0.2000145238095238,True,
vertex,stim_0.14_to_0.64s,F4,0.2555991277378157,0.31563863605626796,0.4061510343108748,0.23345238095238094,nan,0.3492305431953567,0.000999000999000999,nan,0.20012857142857143,True,
vertex,stim_0.14_to_0.64s,F6,0.38316449267044905,0.3330798118805041,0.5076979313782504,0.21535714285714286,nan,0.3272996915292057,0.000999000999000999,nan,0.19993607142857145,True,
vertex,stim_0.14_to_0.64s,F8,0.5038313462318709,0.36605489997964774,0.6227697931378249,0.2230952380952381,nan,0.33348545415778896,0.000999000999000999,nan,0.1999247619047619,True,
vertex,stim_0.14_to_0.64s,FT7,-0.5922892699155132,0.19244644966295846,0.622769793137825,0.2175,nan,0.4386859413757568,0.000999000999000999,nan,0.1997404761904762,True,
vertex,stim_0.14_to_0.64s,FC5,-0.4486894406361628,0.17223573916038115,0.4806114480352247,0.21595238095238095,nan,0.484692207219977,0.000999000999000999,nan,0.19978428571428572,True,
vertex,stim_0.14_to_0.64s,FC3,-0.2988471109399219,0.15889982751154078,0.33846528758550026,0.22154761904761905,nan,0.48231899590953164,0.000999000999000999,nan,0.20008988095238098,True,
vertex,stim_0.14_to_0.64s,FC1,-0.15317259329874983,0.15317259329874983,0.21661875882695025,0.22857142857142856,nan,0.47722356446323844,0.000999000999000999,nan,0.1999527380952381,True,
vertex,stim_0.14_to_0.64s,FCz,0.0,0.15569549444767522,0.15569549444767522,0.2330952380952381,nan,0.48232914579779407,0.000999000999000999,nan,0.1998184523809524,True,
vertex,stim_0.14_to_0.64s,FC2,0.15317259329874983,0.15317259329874983,0.21661875882695025,0.22654761904761905,nan,0.4880024246440898,0.000999000999000999,nan,0.20003154761904762,True,
vertex,stim_0.14_to_0.64s,FC4,0.2988471109399219,0.15889982751154078,0.33846528758550026,0.21047619047619048,nan,0.38173136959923265,0.005994005994005994,nan,0.20001035714285714,True,
vertex,stim_0.14_to_0.64s,FC6,0.4486894406361628,0.17223573916038115,0.4806114480352247,0.20833333333333334,nan,0.33449110568681883,0.03996003996003996,nan,0.19999428571428574,True,
vertex,stim_0.14_to_0.64s,FT8,0.5922892699155132,0.19244644966295846,0.622769793137825,0.2255952380952381,nan,0.3788835436997607,0.000999000999000999,nan,0.1998417857142857,True,
vertex,stim_0.14_to_0.64s,T7,-0.622769793137825,3.8133651688594835e-17,0.622769793137825,0.23583333333333334,nan,0.4606465953856225,0.000999000999000999,nan,0.19977261904761906,True,
vertex,stim_0.14_to_0.64s,C5,-0.4670742986901498,2.860005224274434e-17,0.4670742986901498,0.2230952380952381,nan,0.4042381456732524,0.000999000999000999,nan,0.19986845238095238,True,
vertex,stim_0.14_to_0.64s,C3,-0.31139098889535044,1.9067198891700998e-17,0.31139098889535044,0.21345238095238095,nan,0.6115377082131336,0.001998001998001998,nan,0.19989714285714286,True,
vertex,stim_0.14_to_0.64s,C1,-0.15569549444767522,9.533599445850499e-18,0.15569549444767522,0.21833333333333332,nan,0.7412072493620979,0.000999000999000999,nan,0.20000809523809523,True,
vertex,stim_0.14_to_0.64s,Cz,0.0,0.0,0.0,0.225,nan,0.2937462142443418,0.000999000999000999,nan,0.1998645238095238,True,
vertex,stim_0.14_to_0.64s,C2,0.15569549444767522,9.533599445850499e-18,0.15569549444767522,0.2154761904761905,nan,0.49110784314017286,0.000999000999000999,nan,0.2001011904761905,True,
vertex,stim_0.14_to_0.64s,C4,0.31139098889535044,1.9067198891700998e-17,0.31139098889535044,0.19273809523809524,nan,0.4061333962631689,0.942057942057942,nan,0.19975511904761908,False,
vertex,stim_0.14_to_0.64s,C6,0.4670742986901498,2.860005224274434e-17,0.4670742986901498,0.2286904761904762,nan,0.28232656799187483,0.000999000999000999,nan,0.19995559523809525,True,
vertex,stim_0.14_to_0.64s,T8,0.622769793137825,3.8133651688594835e-17,0.622769793137825,0.23452380952380952,nan,0.4704398440689363,0.000999000999000999,nan,0.19994654761904765,True,
vertex,stim_0.14_to_0.64s,M1,0.8664628506549251,5.305554783173226e-17,0.8664628506549251,0.2761904761904762,nan,1.0,0.000999000999000999,nan,0.19992249999999998,True,
vertex,stim_0.14_to_0.64s,TP7,-0.5922892699155132,-0.19244644966295837,0.6227697931378249,0.24035714285714285,nan,0.5487159953674674,0.000999000999000999,nan,0.1999922619047619,True,
vertex,stim_0.14_to_0.64s,CP5,-0.4486894406361628,-0.17223573916038112,0.4806114480352247,0.22988095238095238,nan,0.5099078643354222,0.000999000999000999,nan,0.19986690476190477,True,
vertex,stim_0.14_to_0.64s,CP3,-0.2988471109399219,-0.15889982751154083,0.33846528758550026,0.2275,nan,0.6635915004207404,0.000999000999000999,nan,0.19988357142857144,True,
vertex,stim_0.14_to_0.64s,CP1,-0.15317259329874983,-0.1531725932987498,0.21661875882695023,0.22642857142857142,nan,0.8153381838060042,0.000999000999000999,nan,0.1997704761904762,True,
vertex,stim_0.14_to_0.64s,CPZ,1.9067198891700998e-17,-0.15569549444767522,0.15569549444767522,0.2180952380952381,nan,0.46387911854806413,0.000999000999000999,nan,0.20006190476190477,True,
vertex,stim_0.14_to_0.64s,CP2,0.15317259329874983,-0.1531725932987498,0.21661875882695023,0.22690476190476191,nan,0.4287976944387053,0.000999000999000999,nan,0.19998333333333335,True,
vertex,stim_0.14_to_0.64s,CP4,0.2988471109399219,-0.15889982751154083,0.33846528758550026,0.22154761904761905,nan,0.5350187419853505,0.000999000999000999,nan,0.20001059523809522,True,
vertex,stim_0.14_to_0.64s,CP6,0.4486894406361628,-0.17223573916038112,0.4806114480352247,0.2375,nan,0.5058105987831408,0.000999000999000999,nan,0.19995857142857146,True,
vertex,stim_0.14_to_0.64s,TP8,0.5922892699155132,-0.19244644966295837,0.6227697931378249,0.24535714285714286,nan,0.5149103189067961,0.000999000999000999,nan,0.19986916666666668,True,
vertex,stim_0.14_to_0.64s,M2,-0.8664628506549251,5.305554783173226e-17,0.8664628506549251,0.2714285714285714,nan,0.8916216412154162,0.000999000999000999,nan,0.19988083333333337,True,
vertex,stim_0.14_to_0.64s,P7,-0.5038313462318709,-0.3660548999796477,0.6227697931378249,0.25226190476190474,nan,0.6178681420368703,0.000999000999000999,nan,0.19988595238095241,True,
vertex,stim_0.14_to_0.64s,P5,-0.3831644926704491,-0.33307981188050406,0.5076979313782504,0.2444047619047619,nan,0.5596602697517452,0.000999000999000999,nan,0.19999119047619046,True,
vertex,stim_0.14_to_0.64s,P3,-0.2555991277378157,-0.31563863605626796,0.4061510343108748,0.2479761904761905,nan,0.7537169333876952,0.000999000999000999,nan,0.1999404761904762,True,
vertex,stim_0.14_to_0.64s,P1,-0.12679132837194132,-0.3138195499805803,0.33846528758550026,0.2480952380952381,nan,0.7617069373380517,0.000999000999000999,nan,0.19978714285714286,True,
vertex,stim_0.14_to_0.64s,PZ,3.8134397783401996e-17,-0.31139098889535044,0.31139098889535044,0.25523809523809526,nan,0.803249205291905,0.000999000999000999,nan,0.1998589285714286,True,
vertex,stim_0.14_to_0.64s,P2,0.12679132837194132,-0.3138195499805803,0.33846528758550026,0.2480952380952381,nan,0.6523797146758623,0.000999000999000999,nan,0.1998395238095238,True,
vertex,stim_0.14_to_0.64s,P4,0.2555991277378157,-0.31563863605626796,0.4061510343108748,0.24059523809523808,nan,0.5849912549093333,0.000999000999000999,nan,0.19993857142857144,True,
vertex,stim_0.14_to_0.64s,P6,0.3831644926704491,-0.33307981188050406,0.5076979313782504,0.2423809523809524,nan,0.5047011776990741,0.000999000999000999,nan,0.20007154761904763,True,
vertex,stim_0.14_to_0.64s,P8,0.5038313462318709,-0.3660548999796477,0.6227697931378249,0.25083333333333335,nan,0.5143613458880191,0.000999000999000999,nan,0.2000264285714286,True,
vertex,stim_0.14_to_0.64s,PO7,-0.3660548999796478,-0.5038313462318709,0.622769793137825,0.2530952380952381,nan,0.6727736016598131,0.000999000999000999,nan,0.2001804761904762,True,
vertex,stim_0.14_to_0.64s,PO5,-0.3202971422372838,-0.4408511957539812,0.5449220459139874,0.2505952380952381,nan,0.8042207781374247,0.000999000999000999,nan,0.20002130952380953,True,
vertex,stim_0.14_to_0.64s,PO3,-0.19572631237744492,-0.46110229606836256,0.500923264379275,0.24928571428571428,nan,0.7676256433905079,0.000999000999000999,nan,0.1999138095238095,True,
vertex,stim_0.14_to_0.64s,POz,5.720010448548868e-17,-0.4670742986901498,0.4670742986901498,0.25797619047619047,nan,0.818288288419248,0.000999000999000999,nan,0.20001309523809524,True,
vertex,stim_0.14_to_0.64s,PO4,0.19572631237744492,-0.46110229606836256,0.500923264379275,0.25392857142857145,nan,0.8118607314987822,0.000999000999000999,nan,0.19990904761904763,True,
vertex,stim_0.14_to_0.64s,PO6,0.3202971422372838,-0.4408511957539812,0.5449220459139874,0.25357142857142856,nan,0.6157217666493051,0.000999000999000999,nan,0.19994285714285712,True,
vertex,stim_0.14_to_0.64s,PO8,0.3660548999796478,-0.5038313462318709,0.622769793137825,0.251547619047619,nan,0.5338184521625607,0.000999000999000999,nan,0.20005357142857144,True,
vertex,stim_0.14_to_0.64s,CB1,-0.6222539674441618,-0.6222539674441617,0.88,0.25797619047619047,nan,0.6491844156500511,0.000999000999000999,nan,0.1999429761904762,True,
vertex,stim_0.14_to_0.64s,O1,-0.19244644966295849,-0.5922892699155132,0.622769793137825,0.25642857142857145,nan,0.7869863886325121,0.000999000999000999,nan,0.20009309523809526,True,
vertex,stim_0.14_to_0.64s,Oz,7.626730337718967e-17,-0.622769793137825,0.622769793137825,0.25821428571428573,nan,0.8540964987624182,0.000999000999000999,nan,0.1999875,True,
vertex,stim_0.14_to_0.64s,O2,0.19244644966295849,-0.5922892699155132,0.622769793137825,0.2571428571428571,nan,0.7861623688477314,0.000999000999000999,nan,0.2000067857142857,True,
vertex,stim_0.14_to_0.64s,CB2,0.6222539674441618,-0.6222539674441617,0.88,0.254047619047619,nan,0.5829441080991994,0.000999000999000999,nan,0.19991035714285715,True,
vertex,late_1.14_to_2.64s,FP1,-0.1924464496629584,0.5922892699155132,0.6227697931378249,0.2388095238095238,nan,0.8466652295106853,0.000999000999000999,nan,0.19997476190476193,True,
vertex,late_1.14_to_2.64s,FPZ,0.0,0.622769793137825,0.622769793137825,0.2530952380952381,nan,0.9284202568157338,0.000999000999000999,nan,0.2001027380952381,True,
vertex,late_1.14_to_2.64s,FP2,0.1924464496629584,0.5922892699155132,0.6227697931378249,0.23964285714285713,nan,0.7879420512575307,0.000999000999000999,nan,0.200185,True,
vertex,late_1.14_to_2.64s,AF3,-0.19572631237744492,0.46110229606836256,0.500923264379275,0.2288095238095238,nan,0.7034597937521905,0.000999000999000999,nan,0.2002316666666667,True,
vertex,late_1.14_to_2.64s,AF4,0.19572631237744492,0.46110229606836256,0.500923264379275,0.22083333333333333,nan,0.660477116346878,0.000999000999000999,nan,0.20024440476190478,True,
vertex,late_1.14_to_2.64s,F7,-0.5038313462318709,0.36605489997964774,0.6227697931378249,0.2067857142857143,nan,0.1636444522486255,0.08891108891108891,nan,0.2002572619047619,False,
vertex,late_1.14_to_2.64s,F5,-0.38316449267044905,0.3330798118805041,0.5076979313782504,0.20642857142857143,nan,0.17748968693331066,0.08591408591408592,nan,0.19998869047619047,False,
vertex,late_1.14_to_2.64s,F3,-0.2555991277378157,0.31563863605626796,0.4061510343108748,0.21785714285714286,nan,0.33864845380368586,0.000999000999000999,nan,0.20042035714285714,True,
vertex,late_1.14_to_2.64s,F1,-0.12679132837194124,0.31381954998058037,0.3384652875855003,0.21821428571428572,nan,0.4260980384055446,0.000999000999000999,nan,0.20009964285714288,True,
vertex,late_1.14_to_2.64s,FZ,0.0,0.31139098889535044,0.31139098889535044,0.22095238095238096,nan,0.7947290662147308,0.000999000999000999,nan,0.20006476190476188,True,
vertex,late_1.14_to_2.64s,F2,0.12679132837194124,0.31381954998058037,0.3384652875855003,0.22047619047619046,nan,0.534221085020363,0.000999000999000999,nan,0.2004140476190476,True,
vertex,late_1.14_to_2.64s,F4,0.2555991277378157,0.31563863605626796,0.4061510343108748,0.21523809523809523,nan,0.46427520170254805,0.000999000999000999,nan,0.20034726190476193,True,
vertex,late_1.14_to_2.64s,F6,0.38316449267044905,0.3330798118805041,0.5076979313782504,0.21,nan,0.427906090132682,0.02097902097902098,nan,0.20022559523809524,True,
vertex,late_1.14_to_2.64s,F8,0.5038313462318709,0.36605489997964774,0.6227697931378249,0.2113095238095238,nan,0.4106755467334123,0.013986013986013986,nan,0.20022583333333333,True,
vertex,late_1.14_to_2.64s,FT7,-0.5922892699155132,0.19244644966295846,0.622769793137825,0.20166666666666666,nan,0.2169211728957975,0.37962037962037964,nan,0.20015571428571427,False,
vertex,late_1.14_to_2.64s,FC5,-0.4486894406361628,0.17223573916038115,0.4806114480352247,0.21,nan,0.2562823593854876,0.014985014985014986,nan,0.20010869047619048,True,
vertex,late_1.14_to_2.64s,FC3,-0.2988471109399219,0.15889982751154078,0.33846528758550026,0.20654761904761904,nan,0.3012807005682964,0.09490509490509491,nan,0.20028416666666668,False,
vertex,late_1.14_to_2.64s,FC1,-0.15317259329874983,0.15317259329874983,0.21661875882695025,0.21023809523809525,nan,0.30676933309814824,0.014985014985014986,nan,0.20024678571428572,True,
vertex,late_1.14_to_2.64s,FCz,0.0,0.15569549444767522,0.15569549444767522,0.20702380952380953,nan,0.2037430019181318,0.08291708291708291,nan,0.20009333333333335,False,
vertex,late_1.14_to_2.64s,FC2,0.15317259329874983,0.15317259329874983,0.21661875882695025,0.2057142857142857,nan,0.358976294704502,0.12487512487512488,nan,0.19995809523809524,False,
vertex,late_1.14_to_2.64s,FC4,0.2988471109399219,0.15889982751154078,0.33846528758550026,0.2036904761904762,nan,0.437531129445238,0.24975024975024976,nan,0.20024666666666666,False,
vertex,late_1.14_to_2.64s,FC6,0.4486894406361628,0.17223573916038115,0.4806114480352247,0.20583333333333334,nan,0.5590508668193929,0.13486513486513488,nan,0.20023059523809525,False,
vertex,late_1.14_to_2.64s,FT8,0.5922892699155132,0.19244644966295846,0.622769793137825,0.2163095238095238,nan,0.5378934783143164,0.001998001998001998,nan,0.20026952380952381,True,
vertex,late_1.14_to_2.64s,T7,-0.622769793137825,3.8133651688594835e-17,0.622769793137825,0.2175,nan,0.46400234459636397,0.000999000999000999,nan,0.2001582142857143,True,
vertex,late_1.14_to_2.64s,C5,-0.4670742986901498,2.860005224274434e-17,0.4670742986901498,0.20595238095238094,nan,0.31055225295208766,0.10989010989010989,nan,0.20024261904761903,False,
vertex,late_1.14_to_2.64s,C3,-0.31139098889535044,1.9067198891700998e-17,0.31139098889535044,0.2011904761904762,nan,0.29416597120699517,0.41858141858141856,nan,0.20013690476190477,False,
vertex,late_1.14_to_2.64s,C1,-0.15569549444767522,9.533599445850499e-18,0.15569549444767522,0.2030952380952381,nan,0.41828225455236145,0.2777222777222777,nan,0.20006035714285714,False,
vertex,late_1.14_to_2.64s,Cz,0.0,0.0,0.0,0.19916666666666666,nan,0.4208324439471238,0.5794205794205795,nan,0.20002380952380952,False,
vertex,late_1.14_to_2.64s,C2,0.15569549444767522,9.533599445850499e-18,0.15569549444767522,0.20523809523809525,nan,0.3706211015846121,0.16683316683316685,nan,0.20003190476190474,False,
vertex,late_1.14_to_2.64s,C4,0.31139098889535044,1.9067198891700998e-17,0.31139098889535044,0.20511904761904762,nan,0.4047381066422048,0.14885114885114886,nan,0.2000629761904762,False,
vertex,late_1.14_to_2.64s,C6,0.4670742986901498,2.860005224274434e-17,0.4670742986901498,0.22404761904761905,nan,0.4658512539981831,0.000999000999000999,nan,0.20013190476190476,True,
vertex,late_1.14_to_2.64s,T8,0.622769793137825,3.8133651688594835e-17,0.622769793137825,0.2244047619047619,nan,0.6805897489379529,0.000999000999000999,nan,0.2003305952380952,True,
vertex,late_1.14_to_2.64s,M1,0.8664628506549251,5.305554783173226e-17,0.8664628506549251,0.24369047619047618,nan,0.994447561772318,0.000999000999000999,nan,0.19986880952380953,True,
vertex,late_1.14_to_2.64s,TP7,-0.5922892699155132,-0.19244644966295837,0.6227697931378249,0.20833333333333334,nan,0.5462213625480412,0.04795204795204795,nan,0.20012059523809522,False,
vertex,late_1.14_to_2.64s,CP5,-0.4486894406361628,-0.17223573916038112,0.4806114480352247,0.1992857142857143,nan,0.4201068606378124,0.5674325674325674,nan,0.2001120238095238,False,
vertex,late_1.14_to_2.64s,CP3,-0.2988471109399219,-0.15889982751154083,0.33846528758550026,0.20083333333333334,nan,0.40443876183434696,0.45754245754245754,nan,0.20027214285714284,False,
vertex,late_1.14_to_2.64s,CP1,-0.15317259329874983,-0.1531725932987498,0.21661875882695023,0.2,nan,0.2756080356344907,0.5134865134865135,nan,0.1999440476190476,False,
vertex,late_1.14_to_2.64s,CPZ,1.9067198891700998e-17,-0.15569549444767522,0.15569549444767522,0.20214285714285715,nan,0.3202484356209877,0.3516483516483517,nan,0.2001938095238095,False,
vertex,late_1.14_to_2.64s,CP2,0.15317259329874983,-0.1531725932987498,0.21661875882695023,0.19964285714285715,nan,0.4037959317475856,0.5454545454545454,nan,0.19999166666666665,False,
vertex,late_1.14_to_2.64s,CP4,0.2988471109399219,-0.15889982751154083,0.33846528758550026,0.21059523809523809,nan,0.5699463081256534,0.022977022977022976,nan,0.20012071428571426,True,
vertex,late_1.14_to_2.64s,CP6,0.4486894406361628,-0.17223573916038112,0.4806114480352247,0.2219047619047619,nan,0.6411528312581194,0.000999000999000999,nan,0.20026630952380953,True,
vertex,late_1.14_to_2.64s,TP8,0.5922892699155132,-0.19244644966295837,0.6227697931378249,0.22892857142857143,nan,0.7583988773810709,0.000999000999000999,nan,0.2001115476190476,True,
vertex,late_1.14_to_2.64s,M2,-0.8664628506549251,5.305554783173226e-17,0.8664628506549251,0.2494047619047619,nan,1.0,0.000999000999000999,nan,0.19984833333333332,True,
vertex,late_1.14_to_2.64s,P7,-0.5038313462318709,-0.3660548999796477,0.6227697931378249,0.22416666666666665,nan,0.6390530161317034,0.000999000999000999,nan,0.19988880952380952,True,
vertex,late_1.14_to_2.64s,P5,-0.3831644926704491,-0.33307981188050406,0.5076979313782504,0.21726190476190477,nan,0.5769116265508455,0.000999000999000999,nan,0.19992071428571426,True,
vertex,late_1.14_to_2.64s,P3,-0.2555991277378157,-0.31563863605626796,0.4061510343108748,0.21142857142857144,nan,0.5423880136272656,0.013986013986013986,nan,0.2000302380952381,True,
vertex,late_1.14_to_2.64s,P1,-0.12679132837194132,-0.3138195499805803,0.33846528758550026,0.20785714285714285,nan,0.4041671173583535,0.055944055944055944,nan,0.1998725,False,
vertex,late_1.14_to_2.64s,PZ,3.8134397783401996e-17,-0.31139098889535044,0.31139098889535044,0.20773809523809525,nan,0.4428336150488771,0.05094905094905095,nan,0.1995520238095238,False,
vertex,late_1.14_to_2.64s,P2,0.12679132837194132,-0.3138195499805803,0.33846528758550026,0.20964285714285713,nan,0.4340568099865363,0.027972027972027972,nan,0.19987190476190478,True,
vertex,late_1.14_to_2.64s,P4,0.2555991277378157,-0.31563863605626796,0.4061510343108748,0.21095238095238095,nan,0.6429639458412314,0.00999000999000999,nan,0.20002261904761903,True,
vertex,late_1.14_to_2.64s,P6,0.3831644926704491,-0.33307981188050406,0.5076979313782504,0.20904761904761904,nan,0.690464497990509,0.03196803196803197,nan,0.20009559523809525,True,
vertex,late_1.14_to_2.64s,P8,0.5038313462318709,-0.3660548999796477,0.6227697931378249,0.21976190476190477,nan,0.7010198370856682,0.000999000999000999,nan,0.19990964285714288,True,
vertex,late_1.14_to_2.64s,PO7,-0.3660548999796478,-0.5038313462318709,0.622769793137825,0.22773809523809524,nan,0.7035967878914944,0.000999000999000999,nan,0.19973559523809525,True,
vertex,late_1.14_to_2.64s,PO5,-0.3202971422372838,-0.4408511957539812,0.5449220459139874,0.22416666666666665,nan,0.7255655832803479,0.000999000999000999,nan,0.19968761904761909,True,
vertex,late_1.14_to_2.64s,PO3,-0.19572631237744492,-0.46110229606836256,0.500923264379275,0.22226190476190477,nan,0.6869507477068102,0.000999000999000999,nan,0.20000047619047617,True,
vertex,late_1.14_to_2.64s,POz,5.720010448548868e-17,-0.4670742986901498,0.4670742986901498,0.21059523809523809,nan,0.6379076746346168,0.012987012987012988,nan,0.1996807142857143,True,
vertex,late_1.14_to_2.64s,PO4,0.19572631237744492,-0.46110229606836256,0.500923264379275,0.22357142857142856,nan,0.7287579549565192,0.000999000999000999,nan,0.19983488095238094,True,
vertex,late_1.14_to_2.64s,PO6,0.3202971422372838,-0.4408511957539812,0.5449220459139874,0.2230952380952381,nan,0.6767690633993639,0.000999000999000999,nan,0.1999825,True,
vertex,late_1.14_to_2.64s,PO8,0.3660548999796478,-0.5038313462318709,0.622769793137825,0.22345238095238096,nan,0.6510584810411354,0.000999000999000999,nan,0.1999345238095238,True,
vertex,late_1.14_to_2.64s,CB1,-0.6222539674441618,-0.6222539674441617,0.88,0.22142857142857142,nan,0.7369091919862998,0.000999000999000999,nan,0.2000032142857143,True,
vertex,late_1.14_to_2.64s,O1,-0.19244644966295849,-0.5922892699155132,0.622769793137825,0.22595238095238096,nan,0.8110841415516616,0.000999000999000999,nan,0.19995249999999998,True,
vertex,late_1.14_to_2.64s,Oz,7.626730337718967e-17,-0.622769793137825,0.622769793137825,0.22345238095238096,nan,0.8512622479713108,0.000999000999000999,nan,0.2000022619047619,True,
vertex,late_1.14_to_2.64s,O2,0.19244644966295849,-0.5922892699155132,0.622769793137825,0.22357142857142856,nan,0.8226584976556846,0.000999000999000999,nan,0.1998136904761905,True,
vertex,late_1.14_to_2.64s,CB2,0.6222539674441618,-0.6222539674441617,0.88,0.2286904761904762,nan,0.8346645730584734,0.000999000999000999,nan,0.19998059523809522,True,
