reference,window,set,acc,ci_lo,ci_hi,n_above_null,n_subj,wilcoxon_p,cohens_d,bf01,perm_p,excess_ratio,radial_r,ap_coef,midline_rho,joint_acc
vertex,prestim_-0.50_to_0.00s,FRONT-5,0.245,0.2066666666666667,0.2741666666666666,4,5,0.0625,1.0789216172788476,0.5911940686671391,nan,1.0841498559077811,0.5142071306017364,-0.020226820279511226,-0.11904761904761905,0.245
vertex,prestim_-0.50_to_0.00s,FRONT-5-local,0.24416666666666667,0.21833333333333335,0.26666666666666666,4,5,0.0625,1.4451559902981252,0.3272411491271485,nan,1.0841498559077811,0.5142071306017364,-0.020226820279511226,-0.11904761904761905,0.245
vertex,prestim_-0.50_to_0.00s,OCC-9,0.2758333333333333,0.24500000000000002,0.3158333333333333,5,5,0.03125,1.6920169467788584,0.2286267219997346,nan,1.0841498559077811,0.5142071306017364,-0.020226820279511226,-0.11904761904761905,0.245
vertex,prestim_-0.50_to_0.00s,OCC-9-local,0.2658333333333333,0.22999999999999998,0.305,5,5,0.03125,1.403682157387797,0.3486738654619821,nan,1.0841498559077811,0.5142071306017364,-0.020226820279511226,-0.11904761904761905,0.245
vertex,prestim_-0.50_to_0.00s,RIM-4,0.3175,0.26916666666666667,0.34833333333333333,5,5,0.03125,2.2280136767156455,0.11618636010261851,nan,1.0841498559077811,0.5142071306017364,-0.020226820279511226,-0.11904761904761905,0.245
vertex,prestimTRIM_-0.50_to_-0.10s,FRONT-5,0.2608333333333333,0.21999999999999997,0.2975,4,5,0.0625,1.2741498068596238,0.4276221884503119,nan,0.8988173455978972,0.509846209333103,-0.026947324935647027,-0.28571428571428575,0.24916666666666668
vertex,prestimTRIM_-0.50_to_-0.10s,FRONT-5-local,0.25833333333333336,0.2333333333333333,0.2866666666666667,5,5,0.03125,1.6793284028830422,0.23269930691858778,nan,0.8988173455978972,0.509846209333103,-0.026947324935647027,-0.28571428571428575,0.24916666666666668
vertex,prestimTRIM_-0.50_to_-0.10s,OCC-9,0.275,0.2475,0.30583333333333335,5,5,0.03125,2.0995626366125193,0.1350940143358819,nan,0.8988173455978972,0.509846209333103,-0.026947324935647027,-0.28571428571428575,0.24916666666666668
vertex,prestimTRIM_-0.50_to_-0.10s,OCC-9-local,0.26,0.22583333333333333,0.3083333333333333,5,5,0.03125,1.1303247369859846,0.5419072155587091,nan,0.8988173455978972,0.509846209333103,-0.026947324935647027,-0.28571428571428575,0.24916666666666668
vertex,prestimTRIM_-0.50_to_-0.10s,RIM-4,0.31166666666666665,0.27999999999999997,0.3375,5,5,0.03125,2.8782283413255096,0.059226861274364606,nan,0.8988173455978972,0.509846209333103,-0.026947324935647027,-0.28571428571428575,0.24916666666666668
vertex,stim_0.14_to_0.64s,FRONT-5,0.25,0.23000000000000004,0.27249999999999996,5,5,0.03125,1.874085142593029,0.17902449573555346,nan,1.3460526315789478,0.2589032419425912,0.005273477902273605,0.523809523809524,0.255
vertex,stim_0.14_to_0.64s,FRONT-5-local,0.23666666666666666,0.22666666666666666,0.24500000000000002,5,5,0.03125,3.171299868414079,0.04550664075159961,nan,1.3460526315789478,0.2589032419425912,0.005273477902273605,0.523809523809524,0.255
vertex,stim_0.14_to_0.64s,OCC-9,0.23083333333333333,0.20249999999999999,0.2625,4,5,0.09375,0.8132359171666875,0.9400656437861963,nan,1.3460526315789478,0.2589032419425912,0.005273477902273605,0.523809523809524,0.255
vertex,stim_0.14_to_0.64s,OCC-9-local,0.22416666666666665,0.20916666666666667,0.24416666666666664,5,5,0.03125,1.0467881696970862,0.6246136703132241,nan,1.3460526315789478,0.2589032419425912,0.005273477902273605,0.523809523809524,0.255
vertex,stim_0.14_to_0.64s,RIM-4,0.25583333333333336,0.23333333333333334,0.2783333333333333,5,5,0.03125,1.9693109822643076,0.1585179648480381,nan,1.3460526315789478,0.2589032419425912,0.005273477902273605,0.523809523809524,0.255
vertex,late_1.14_to_2.64s,FRONT-5,0.22166666666666668,0.20583333333333337,0.2375,4,5,0.0625,1.0462967275106676,0.6251411924889427,nan,3.3979591836734677,0.4061143148249659,0.015291369362136598,0.3333333333333334,0.24166666666666667
vertex,late_1.14_to_2.64s,FRONT-5-local,0.205,0.18833333333333332,0.2225,2,5,0.4375,0.2239960178739319,2.2717274842613513,nan,3.3979591836734677,0.4061143148249659,0.015291369362136598,0.3333333333333334,0.24166666666666667
vertex,late_1.14_to_2.64s,OCC-9,0.20916666666666667,0.18833333333333332,0.2308333333333333,3,5,0.3125,0.3448462250191688,1.9953795802443097,nan,3.3979591836734677,0.4061143148249659,0.015291369362136598,0.3333333333333334,0.24166666666666667
vertex,late_1.14_to_2.64s,OCC-9-local,0.22,0.21000000000000002,0.2308333333333333,5,5,0.03125,1.5029382984914166,0.30002322152751926,nan,3.3979591836734677,0.4061143148249659,0.015291369362136598,0.3333333333333334,0.24166666666666667
vertex,late_1.14_to_2.64s,RIM-4,0.2425,0.20914583333333336,0.2708333333333333,4,5,0.0625,1.0891817982673675,0.5809568632034042,nan,3.3979591836734677,0.4061143148249659,0.015291369362136598,0.3333333333333334,0.24166666666666667
average,prestim_-0.50_to_0.00s,FRONT-5,0.27416666666666667,0.25916666666666666,0.2883333333333334,5,5,0.03125,3.8659129603898053,0.026272271739042403,nan,1.1917241379310344,0.5747753919451553,-0.0016702052975542947,0.30952380952380953,0.24416666666666667
average,prestim_-0.50_to_0.00s,FRONT-5-local,0.24416666666666667,0.21833333333333335,0.26666666666666666,4,5,0.0625,1.4451559902981252,0.3272411491271485,nan,1.1917241379310344,0.5747753919451553,-0.0016702052975542947,0.30952380952380953,0.24416666666666667
average,prestim_-0.50_to_0.00s,OCC-9,0.28833333333333333,0.25,0.32499999999999996,5,5,0.03125,1.8334545867366336,0.18880390469879887,nan,1.1917241379310344,0.5747753919451553,-0.0016702052975542947,0.30952380952380953,0.24416666666666667
average,prestim_-0.50_to_0.00s,OCC-9-local,0.2658333333333333,0.22999999999999998,0.305,5,5,0.03125,1.403682157387797,0.3486738654619821,nan,1.1917241379310344,0.5747753919451553,-0.0016702052975542947,0.30952380952380953,0.24416666666666667
average,prestim_-0.50_to_0.00s,RIM-4,0.3283333333333333,0.2925,0.36,5,5,0.03125,2.947402158983476,0.055545741939663586,nan,1.1917241379310344,0.5747753919451553,-0.0016702052975542947,0.30952380952380953,0.24416666666666667
average,prestimTRIM_-0.50_to_-0.10s,FRONT-5,0.2825,0.2633333333333333,0.29833333333333334,5,5,0.03125,3.762056431098154,0.02835570319880584,nan,1.1809248554913285,0.5845780794708644,-0.0057646486858212165,0.2380952380952381,0.24333333333333335
average,prestimTRIM_-0.50_to_-0.10s,FRONT-5-local,0.25833333333333336,0.2333333333333333,0.2866666666666667,5,5,0.03125,1.6793284028830422,0.23269930691858778,nan,1.1809248554913285,0.5845780794708644,-0.0057646486858212165,0.2380952380952381,0.24333333333333335
average,prestimTRIM_-0.50_to_-0.10s,OCC-9,0.2825,0.25,0.3175,5,5,0.03125,1.9731061715133393,0.15776467021281615,nan,1.1809248554913285,0.5845780794708644,-0.0057646486858212165,0.2380952380952381,0.24333333333333335
average,prestimTRIM_-0.50_to_-0.10s,OCC-9-local,0.26,0.22583333333333333,0.3083333333333333,5,5,0.03125,1.1303247369859846,0.5419072155587091,nan,1.1809248554913285,0.5845780794708644,-0.0057646486858212165,0.2380952380952381,0.24333333333333335
average,prestimTRIM_-0.50_to_-0.10s,RIM-4,0.3308333333333333,0.2958333333333333,0.35833333333333334,5,5,0.03125,3.2595350841780864,0.04220672907766767,nan,1.1809248554913285,0.5845780794708644,-0.0057646486858212165,0.2380952380952381,0.24333333333333335
average,stim_0.14_to_0.64s,FRONT-5,0.24833333333333332,0.2458333333333333,0.25166666666666665,5,5,0.03125,12.969194266018771,0.0007701845113404956,nan,1.68923076923077,0.36816015336716384,0.008087575338645597,0.261904761904762,0.24416666666666667
average,stim_0.14_to_0.64s,FRONT-5-local,0.23666666666666666,0.22666666666666666,0.24500000000000002,5,5,0.03125,3.171299868414079,0.04550664075159961,nan,1.68923076923077,0.36816015336716384,0.008087575338645597,0.261904761904762,0.24416666666666667
average,stim_0.14_to_0.64s,OCC-9,0.24416666666666667,0.21750000000000003,0.2783333333333334,5,5,0.03125,1.121708822746257,0.5498267298391389,nan,1.68923076923077,0.36816015336716384,0.008087575338645597,0.261904761904762,0.24416666666666667
average,stim_0.14_to_0.64s,OCC-9-local,0.22416666666666665,0.20916666666666667,0.24416666666666664,5,5,0.03125,1.0467881696970862,0.6246136703132241,nan,1.68923076923077,0.36816015336716384,0.008087575338645597,0.261904761904762,0.24416666666666667
average,stim_0.14_to_0.64s,RIM-4,0.2525,0.22083333333333335,0.27749999999999997,4,5,0.0625,1.4818402823120587,0.3096239131526765,nan,1.68923076923077,0.36816015336716384,0.008087575338645597,0.261904761904762,0.24416666666666667
average,late_1.14_to_2.64s,FRONT-5,0.22,0.21333333333333332,0.22583333333333333,5,5,0.03125,2.495401175256824,0.08660273557149488,nan,1.0904347826086955,0.4661661681526943,-0.0016763557207290364,0.04761904761904763,0.24666666666666667
average,late_1.14_to_2.64s,FRONT-5-local,0.205,0.18833333333333332,0.2225,2,5,0.4375,0.2239960178739319,2.2717274842613513,nan,1.0904347826086955,0.4661661681526943,-0.0016763557207290364,0.04761904761904763,0.24666666666666667
average,late_1.14_to_2.64s,OCC-9,0.23416666666666666,0.21916666666666665,0.25083333333333335,5,5,0.03125,1.7024323369168406,0.22535082261618625,nan,1.0904347826086955,0.4661661681526943,-0.0016763557207290364,0.04761904761904763,0.24666666666666667
average,late_1.14_to_2.64s,OCC-9-local,0.22,0.21000000000000002,0.2308333333333333,5,5,0.03125,1.5029382984914166,0.30002322152751926,nan,1.0904347826086955,0.4661661681526943,-0.0016763557207290364,0.04761904761904763,0.24666666666666667
average,late_1.14_to_2.64s,RIM-4,0.26,0.24666666666666667,0.2741666666666666,5,5,0.03125,3.3661769917388753,0.03862520560426262,nan,1.0904347826086955,0.4661661681526943,-0.0016763557207290364,0.04761904761904763,0.24666666666666667
mastoid,prestim_-0.50_to_0.00s,FRONT-5,0.31,0.275,0.33666666666666667,5,5,0.03125,2.76292145009147,0.06610497521545257,nan,1.070181818181818,-0.7578044044538397,-0.012616648275227182,0.880952380952381,0.24583333333333332
mastoid,prestim_-0.50_to_0.00s,FRONT-5-local,0.24416666666666667,0.21833333333333335,0.26666666666666666,4,5,0.0625,1.4451559902981252,0.3272411491271485,nan,1.070181818181818,-0.7578044044538397,-0.012616648275227182,0.880952380952381,0.24583333333333332
mastoid,prestim_-0.50_to_0.00s,OCC-9,0.3175,0.29333333333333333,0.345,5,5,0.03125,3.561355582885246,0.03304105739118027,nan,1.070181818181818,-0.7578044044538397,-0.012616648275227182,0.880952380952381,0.24583333333333332
mastoid,prestim_-0.50_to_0.00s,OCC-9-local,0.2658333333333333,0.22999999999999998,0.305,5,5,0.03125,1.403682157387797,0.3486738654619821,nan,1.070181818181818,-0.7578044044538397,-0.012616648275227182,0.880952380952381,0.24583333333333332
mastoid,prestim_-0.50_to_0.00s,RIM-4,0.265,0.2533333333333333,0.28,5,5,0.03125,3.86394375579125,0.02630986532333653,nan,1.070181818181818,-0.7578044044538397,-0.012616648275227182,0.880952380952381,0.24583333333333332
mastoid,prestimTRIM_-0.50_to_-0.10s,FRONT-5,0.31666666666666665,0.2841666666666667,0.3466666666666667,5,5,0.03125,2.9113013714235554,0.057428259725016424,nan,1.0447897623400368,-0.8007352697265234,-0.0173355593974219,0.4285714285714286,0.25
mastoid,prestimTRIM_-0.50_to_-0.10s,FRONT-5-local,0.25833333333333336,0.2333333333333333,0.2866666666666667,5,5,0.03125,1.6793284028830422,0.23269930691858778,nan,1.0447897623400368,-0.8007352697265234,-0.0173355593974219,0.4285714285714286,0.25
mastoid,prestimTRIM_-0.50_to_-0.10s,OCC-9,0.31916666666666665,0.29416666666666663,0.3441666666666667,5,5,0.03125,3.652883283075059,0.030786997295656798,nan,1.0447897623400368,-0.8007352697265234,-0.0173355593974219,0.4285714285714286,0.25
mastoid,prestimTRIM_-0.50_to_-0.10s,OCC-9-local,0.26,0.22583333333333333,0.3083333333333333,5,5,0.03125,1.1303247369859846,0.5419072155587091,nan,1.0447897623400368,-0.8007352697265234,-0.0173355593974219,0.4285714285714286,0.25
mastoid,prestimTRIM_-0.50_to_-0.10s,RIM-4,0.2675,0.25916666666666666,0.27666666666666667,5,5,0.03125,6.037383538709438,0.007336677927477216,nan,1.0447897623400368,-0.8007352697265234,-0.0173355593974219,0.4285714285714286,0.25
mastoid,stim_0.14_to_0.64s,FRONT-5,0.28,0.25916666666666666,0.3008333333333334,5,5,0.03125,2.955595544564786,0.05512977973267174,nan,1.3337142857142859,-0.32453401357904477,0.010281396408654837,-0.07185757571479554,0.24833333333333332
mastoid,stim_0.14_to_0.64s,FRONT-5-local,0.23666666666666666,0.22666666666666666,0.24500000000000002,5,5,0.03125,3.171299868414079,0.04550664075159961,nan,1.3337142857142859,-0.32453401357904477,0.010281396408654837,-0.07185757571479554,0.24833333333333332
mastoid,stim_0.14_to_0.64s,OCC-9,0.24166666666666667,0.21583333333333332,0.27083333333333337,5,5,0.03125,1.1704114719284284,0.5067661346353466,nan,1.3337142857142859,-0.32453401357904477,0.010281396408654837,-0.07185757571479554,0.24833333333333332
mastoid,stim_0.14_to_0.64s,OCC-9-local,0.22416666666666665,0.20916666666666667,0.24416666666666664,5,5,0.03125,1.0467881696970862,0.6246136703132241,nan,1.3337142857142859,-0.32453401357904477,0.010281396408654837,-0.07185757571479554,0.24833333333333332
mastoid,stim_0.14_to_0.64s,RIM-4,0.24083333333333334,0.22416666666666668,0.26083333333333336,5,5,0.03125,1.7687110453502486,0.20583867353488858,nan,1.3337142857142859,-0.32453401357904477,0.010281396408654837,-0.07185757571479554,0.24833333333333332
mastoid,late_1.14_to_2.64s,FRONT-5,0.26,0.2341666666666667,0.29083333333333333,5,5,0.03125,1.6485427855257844,0.24296758758265558,nan,1.9622093023255813,-0.5220196779994946,0.013143029828065408,0.28571428571428575,0.255
mastoid,late_1.14_to_2.64s,FRONT-5-local,0.205,0.18833333333333332,0.2225,2,5,0.4375,0.2239960178739319,2.2717274842613513,nan,1.9622093023255813,-0.5220196779994946,0.013143029828065408,0.28571428571428575,0.255
mastoid,late_1.14_to_2.64s,OCC-9,0.22666666666666666,0.22166666666666668,0.2316666666666667,5,5,0.03125,4.220035029065206,0.020520432807254255,nan,1.9622093023255813,-0.5220196779994946,0.013143029828065408,0.28571428571428575,0.255
mastoid,late_1.14_to_2.64s,OCC-9-local,0.22,0.21000000000000002,0.2308333333333333,5,5,0.03125,1.5029382984914166,0.30002322152751926,nan,1.9622093023255813,-0.5220196779994946,0.013143029828065408,0.28571428571428575,0.255
mastoid,late_1.14_to_2.64s,RIM-4,0.22083333333333333,0.1975,0.24499999999999997,4,5,0.09375,0.6967330142683161,1.1536592657595208,nan,1.9622093023255813,-0.5220196779994946,0.013143029828065408,0.28571428571428575,0.255
csd,prestim_-0.50_to_0.00s,FRONT-5,0.28833333333333333,0.2575,0.32749999999999996,5,5,0.03125,1.9296663601885808,0.1666695319025521,nan,5.181502890173421,0.37911918468734923,0.05668232428039744,0.523809523809524,0.23666666666666666
csd,prestim_-0.50_to_0.00s,FRONT-5-local,0.2708333333333333,0.25083333333333335,0.3033333333333333,5,5,0.03125,1.9896995022783293,0.15452453102942335,nan,5.181502890173421,0.37911918468734923,0.05668232428039744,0.523809523809524,0.23666666666666666
csd,prestim_-0.50_to_0.00s,OCC-9,0.23083333333333333,0.20750000000000002,0.25416666666666665,3,5,0.125,1.0136035319628174,0.6613894066031735,nan,5.181502890173421,0.37911918468734923,0.05668232428039744,0.523809523809524,0.23666666666666666
csd,prestim_-0.50_to_0.00s,OCC-9-local,0.22583333333333333,0.19916666666666666,0.2525,3,5,0.125,0.7507571935077298,1.0495675558050879,nan,5.181502890173421,0.37911918468734923,0.05668232428039744,0.523809523809524,0.23666666666666666
csd,prestim_-0.50_to_0.00s,RIM-4,0.2808333333333333,0.23583333333333334,0.31833333333333336,4,5,0.0625,1.534664130160467,0.28627236695853314,nan,5.181502890173421,0.37911918468734923,0.05668232428039744,0.523809523809524,0.23666666666666666
csd,prestimTRIM_-0.50_to_-0.10s,FRONT-5,0.2925,0.25833333333333336,0.32666666666666666,5,5,0.03125,2.1005179051387697,0.13493928269953215,nan,11.19512195121947,0.33713442368658825,0.05817646919634593,0.6190476190476191,0.24
csd,prestimTRIM_-0.50_to_-0.10s,FRONT-5-local,0.26416666666666666,0.2341666666666667,0.3075,5,5,0.03125,1.3465325272783801,0.38110607353363557,nan,11.19512195121947,0.33713442368658825,0.05817646919634593,0.6190476190476191,0.24
csd,prestimTRIM_-0.50_to_-0.10s,OCC-9,0.2325,0.21083333333333334,0.25416666666666665,4,5,0.0625,1.1601800287106065,0.5154750989991378,nan,11.19512195121947,0.33713442368658825,0.05817646919634593,0.6190476190476191,0.24
csd,prestimTRIM_-0.50_to_-0.10s,OCC-9-local,0.23416666666666666,0.20416666666666666,0.25,4,5,0.0625,1.0314669410934467,0.6412990168685233,nan,11.19512195121947,0.33713442368658825,0.05817646919634593,0.6190476190476191,0.24
csd,prestimTRIM_-0.50_to_-0.10s,RIM-4,0.27666666666666667,0.25166666666666665,0.30333333333333334,5,5,0.03125,2.2264219302993657,0.11639898113383575,nan,11.19512195121947,0.33713442368658825,0.05817646919634593,0.6190476190476191,0.24
csd,stim_0.14_to_0.64s,FRONT-5,0.26166666666666666,0.23833333333333334,0.2891666666666667,5,5,0.03125,1.8765775785044962,0.17844586552828473,nan,2.8879120879120896,0.18709902705574466,0.02947347809299939,-0.1077863635721933,0.2325
csd,stim_0.14_to_0.64s,FRONT-5-local,0.25333333333333335,0.2225,0.2875,5,5,0.03125,1.21932414110996,0.46745484917486474,nan,2.8879120879120896,0.18709902705574466,0.02947347809299939,-0.1077863635721933,0.2325
csd,stim_0.14_to_0.64s,OCC-9,0.21416666666666667,0.1925,0.2416666666666667,3,5,0.3125,0.44152120907768444,1.7495836229197008,nan,2.8879120879120896,0.18709902705574466,0.02947347809299939,-0.1077863635721933,0.2325
csd,stim_0.14_to_0.64s,OCC-9-local,0.24083333333333334,0.22416666666666668,0.26416666666666666,5,5,0.03125,1.4910225175985075,0.30539934945892955,nan,2.8879120879120896,0.18709902705574466,0.02947347809299939,-0.1077863635721933,0.2325
csd,stim_0.14_to_0.64s,RIM-4,0.2275,0.20500000000000002,0.24833333333333335,4,5,0.09375,0.9860636026655176,0.693753468366019,nan,2.8879120879120896,0.18709902705574466,0.02947347809299939,-0.1077863635721933,0.2325
csd,late_1.14_to_2.64s,FRONT-5,0.21833333333333332,0.1925,0.2441666666666667,3,5,0.21875,0.5530327130072085,1.471511078129046,nan,nan,0.25161118332867816,0.0156854214625299,0.11904761904761905,0.255
csd,late_1.14_to_2.64s,FRONT-5-local,0.21,0.1875,0.2325,3,5,0.3125,0.3489640361292049,1.9851196021955209,nan,nan,0.25161118332867816,0.0156854214625299,0.11904761904761905,0.255
csd,late_1.14_to_2.64s,OCC-9,0.21333333333333335,0.19916666666666666,0.2325,4,5,0.125,0.6080091201774792,1.3433027333600913,nan,nan,0.25161118332867816,0.0156854214625299,0.11904761904761905,0.255
csd,late_1.14_to_2.64s,OCC-9-local,0.20083333333333334,0.18666666666666668,0.215,2,5,0.5625,0.04395869822406621,2.5061173512892894,nan,nan,0.25161118332867816,0.0156854214625299,0.11904761904761905,0.255
csd,late_1.14_to_2.64s,RIM-4,0.22416666666666665,0.19083333333333333,0.2575,2,5,0.40625,0.5415596321820656,1.4991612778513124,nan,nan,0.25161118332867816,0.0156854214625299,0.11904761904761905,0.255
