window,channel,x,y,row_acc,col_acc,activation_pattern
pre-stim_-0.50_to_0.00s,FP1,-0.1924464496629584,0.5922892699155132,0.2725,0.13916666666666666,0.9537149123168011
pre-stim_-0.50_to_0.00s,FPZ,0.0,0.622769793137825,0.2841666666666667,0.115,1.0
pre-stim_-0.50_to_0.00s,FP2,0.1924464496629584,0.5922892699155132,0.2708333333333333,0.14916666666666667,0.9105666071535584
pre-stim_-0.50_to_0.00s,AF3,-0.19572631237744492,0.46110229606836256,0.2608333333333333,0.1475,0.9103447290186193
pre-stim_-0.50_to_0.00s,AF4,0.19572631237744492,0.46110229606836256,0.26,0.16416666666666666,0.7876704283418007
pre-stim_-0.50_to_0.00s,F7,-0.5038313462318709,0.36605489997964774,0.20666666666666667,0.27,0.2541858120915358
pre-stim_-0.50_to_0.00s,F5,-0.38316449267044905,0.3330798118805041,0.21916666666666668,0.27,0.3590327414444736
pre-stim_-0.50_to_0.00s,F3,-0.2555991277378157,0.31563863605626796,0.23333333333333334,0.22416666666666665,0.6673952487234294
pre-stim_-0.50_to_0.00s,F1,-0.12679132837194124,0.31381954998058037,0.25166666666666665,0.1425,0.772987801331166
pre-stim_-0.50_to_0.00s,FZ,0.0,0.31139098889535044,0.25416666666666665,0.13416666666666666,0.9893285186674434
pre-stim_-0.50_to_0.00s,F2,0.12679132837194124,0.31381954998058037,0.24166666666666667,0.15416666666666667,0.8638251411352272
pre-stim_-0.50_to_0.00s,F4,0.2555991277378157,0.31563863605626796,0.23916666666666667,0.22333333333333333,0.7240403123245466
pre-stim_-0.50_to_0.00s,F6,0.38316449267044905,0.3330798118805041,0.22416666666666665,0.26416666666666666,0.4717281593185249
pre-stim_-0.50_to_0.00s,F8,0.5038313462318709,0.36605489997964774,0.19583333333333333,0.3408333333333333,0.1295077940948092
pre-stim_-0.50_to_0.00s,FT7,-0.5922892699155132,0.19244644966295846,0.225,0.27,0.2971705446625537
pre-stim_-0.50_to_0.00s,FC5,-0.4486894406361628,0.17223573916038115,0.205,0.2725,0.24964286734533964
pre-stim_-0.50_to_0.00s,FC3,-0.2988471109399219,0.15889982751154078,0.21666666666666667,0.20583333333333334,0.5533212621524781
pre-stim_-0.50_to_0.00s,FC1,-0.15317259329874983,0.15317259329874983,0.23666666666666666,0.16583333333333333,0.6830386884299098
pre-stim_-0.50_to_0.00s,FCz,0.0,0.15569549444767522,0.25833333333333336,0.13,0.806053969012664
pre-stim_-0.50_to_0.00s,FC2,0.15317259329874983,0.15317259329874983,0.22833333333333333,0.18416666666666667,0.6678404803650856
pre-stim_-0.50_to_0.00s,FC4,0.2988471109399219,0.15889982751154078,0.22083333333333333,0.2575,0.6494756172277395
pre-stim_-0.50_to_0.00s,FC6,0.4486894406361628,0.17223573916038115,0.19,0.3225,0.12865035294273347
pre-stim_-0.50_to_0.00s,FT8,0.5922892699155132,0.19244644966295846,0.21583333333333332,0.33916666666666667,0.25966618258913565
pre-stim_-0.50_to_0.00s,T7,-0.622769793137825,3.8133651688594835e-17,0.23416666666666666,0.2575,0.5723875366963258
pre-stim_-0.50_to_0.00s,C5,-0.4670742986901498,2.860005224274434e-17,0.22333333333333333,0.2675,0.22529576582968847
pre-stim_-0.50_to_0.00s,C3,-0.31139098889535044,1.9067198891700998e-17,0.22333333333333333,0.25666666666666665,0.0505650440736036
pre-stim_-0.50_to_0.00s,C1,-0.15569549444767522,9.533599445850499e-18,0.21916666666666668,0.19166666666666668,0.2884712175237952
pre-stim_-0.50_to_0.00s,Cz,0.0,0.0,0.2375,0.12583333333333332,0.37022611170559017
pre-stim_-0.50_to_0.00s,C2,0.15569549444767522,9.533599445850499e-18,0.22916666666666666,0.23666666666666666,0.38177549377958914
pre-stim_-0.50_to_0.00s,C4,0.31139098889535044,1.9067198891700998e-17,0.19916666666666666,0.2975,0.24154600153114694
pre-stim_-0.50_to_0.00s,C6,0.4670742986901498,2.860005224274434e-17,0.19833333333333333,0.2975,0.3250751730733938
pre-stim_-0.50_to_0.00s,T8,0.622769793137825,3.8133651688594835e-17,0.22,0.2975,0.46082128283577467
pre-stim_-0.50_to_0.00s,M1,0.8664628506549251,5.305554783173226e-17,0.29,0.18416666666666667,0.9125405282924379
pre-stim_-0.50_to_0.00s,TP7,-0.5922892699155132,-0.19244644966295837,0.2608333333333333,0.22,0.8494551755133424
pre-stim_-0.50_to_0.00s,CP5,-0.4486894406361628,-0.17223573916038112,0.23,0.23916666666666667,0.6849335552502754
pre-stim_-0.50_to_0.00s,CP3,-0.2988471109399219,-0.15889982751154083,0.22666666666666666,0.23083333333333333,0.2758199232528982
pre-stim_-0.50_to_0.00s,CP1,-0.15317259329874983,-0.1531725932987498,0.23,0.23083333333333333,0.21586592672589497
pre-stim_-0.50_to_0.00s,CPZ,1.9067198891700998e-17,-0.15569549444767522,0.20833333333333334,0.15083333333333335,0.19660929973020347
pre-stim_-0.50_to_0.00s,CP2,0.15317259329874983,-0.1531725932987498,0.205,0.21,0.3153690755979978
pre-stim_-0.50_to_0.00s,CP4,0.2988471109399219,-0.15889982751154083,0.21666666666666667,0.22583333333333333,0.31927528707486963
pre-stim_-0.50_to_0.00s,CP6,0.4486894406361628,-0.17223573916038112,0.23,0.25,0.5396352930175811
pre-stim_-0.50_to_0.00s,TP8,0.5922892699155132,-0.19244644966295837,0.24083333333333334,0.23083333333333333,0.5787723609266855
pre-stim_-0.50_to_0.00s,M2,-0.8664628506549251,5.305554783173226e-17,0.2875,0.1825,0.5425057860932763
pre-stim_-0.50_to_0.00s,P7,-0.5038313462318709,-0.3660548999796477,0.275,0.2175,0.9429599346432538
pre-stim_-0.50_to_0.00s,P5,-0.3831644926704491,-0.33307981188050406,0.25416666666666665,0.2,0.7797334029209925
pre-stim_-0.50_to_0.00s,P3,-0.2555991277378157,-0.31563863605626796,0.25416666666666665,0.18416666666666667,0.7235324447268722
pre-stim_-0.50_to_0.00s,P1,-0.12679132837194132,-0.3138195499805803,0.24333333333333335,0.17583333333333334,0.6246687160793957
pre-stim_-0.50_to_0.00s,PZ,3.8134397783401996e-17,-0.31139098889535044,0.2625,0.145,0.6605143055771346
pre-stim_-0.50_to_0.00s,P2,0.12679132837194132,-0.3138195499805803,0.23916666666666667,0.18,0.48716312842466214
pre-stim_-0.50_to_0.00s,P4,0.2555991277378157,-0.31563863605626796,0.24166666666666667,0.1825,0.5691655825339736
pre-stim_-0.50_to_0.00s,P6,0.3831644926704491,-0.33307981188050406,0.24916666666666668,0.1825,0.7267759091880893
pre-stim_-0.50_to_0.00s,P8,0.5038313462318709,-0.3660548999796477,0.265,0.18166666666666667,0.42127688679997644
pre-stim_-0.50_to_0.00s,PO7,-0.3660548999796478,-0.5038313462318709,0.26,0.17,0.825823432087335
pre-stim_-0.50_to_0.00s,PO5,-0.3202971422372838,-0.4408511957539812,0.26,0.16916666666666666,0.7939607497758875
pre-stim_-0.50_to_0.00s,PO3,-0.19572631237744492,-0.46110229606836256,0.25666666666666665,0.17833333333333334,0.7416372379400323
pre-stim_-0.50_to_0.00s,POz,5.720010448548868e-17,-0.4670742986901498,0.265,0.1525,0.5421589822156924
pre-stim_-0.50_to_0.00s,PO4,0.19572631237744492,-0.46110229606836256,0.2625,0.15083333333333335,0.5775137289507021
pre-stim_-0.50_to_0.00s,PO6,0.3202971422372838,-0.4408511957539812,0.2658333333333333,0.16333333333333333,0.6291046078268725
pre-stim_-0.50_to_0.00s,PO8,0.3660548999796478,-0.5038313462318709,0.2675,0.1675,0.5598616120282675
pre-stim_-0.50_to_0.00s,CB1,-0.6222539674441618,-0.6222539674441617,0.2966666666666667,0.14583333333333334,0.849315374513089
pre-stim_-0.50_to_0.00s,O1,-0.19244644966295849,-0.5922892699155132,0.2658333333333333,0.15333333333333332,0.602886100068976
pre-stim_-0.50_to_0.00s,Oz,7.626730337718967e-17,-0.622769793137825,0.2675,0.15583333333333332,0.7152441154942224
pre-stim_-0.50_to_0.00s,O2,0.19244644966295849,-0.5922892699155132,0.2725,0.15083333333333335,0.7155576562354351
pre-stim_-0.50_to_0.00s,CB2,0.6222539674441618,-0.6222539674441617,0.30083333333333334,0.15083333333333335,0.7177165089200246
window_0.14_to_0.64s,FP1,-0.1924464496629584,0.5922892699155132,0.25333333333333335,0.12916666666666668,0.28804015553632395
window_0.14_to_0.64s,FPZ,0.0,0.622769793137825,0.2658333333333333,0.12333333333333334,0.36492183448924187
window_0.14_to_0.64s,FP2,0.1924464496629584,0.5922892699155132,0.2625,0.13333333333333333,0.38181562506906636
window_0.14_to_0.64s,AF3,-0.19572631237744492,0.46110229606836256,0.24583333333333332,0.14583333333333334,0.25804688964166067
window_0.14_to_0.64s,AF4,0.19572631237744492,0.46110229606836256,0.25666666666666665,0.14333333333333334,0.29353256773183667
window_0.14_to_0.64s,F7,-0.5038313462318709,0.36605489997964774,0.21166666666666667,0.2025,0.34035264643464824
window_0.14_to_0.64s,F5,-0.38316449267044905,0.3330798118805041,0.21833333333333332,0.1975,0.3880566031082047
window_0.14_to_0.64s,F3,-0.2555991277378157,0.31563863605626796,0.2375,0.15,0.2857377847637876
window_0.14_to_0.64s,F1,-0.12679132837194124,0.31381954998058037,0.24583333333333332,0.13666666666666666,0.1923520291739572
window_0.14_to_0.64s,FZ,0.0,0.31139098889535044,0.2783333333333333,0.13583333333333333,0.27866688662893857
window_0.14_to_0.64s,F2,0.12679132837194124,0.31381954998058037,0.25416666666666665,0.13333333333333333,0.23387744507155775
window_0.14_to_0.64s,F4,0.2555991277378157,0.31563863605626796,0.27,0.175,0.31753327757191835
window_0.14_to_0.64s,F6,0.38316449267044905,0.3330798118805041,0.235,0.22166666666666668,0.41475798898761856
window_0.14_to_0.64s,F8,0.5038313462318709,0.36605489997964774,0.20416666666666666,0.24,0.3655019182828436
window_0.14_to_0.64s,FT7,-0.5922892699155132,0.19244644966295846,0.2125,0.16583333333333333,0.3766243935247884
window_0.14_to_0.64s,FC5,-0.4486894406361628,0.17223573916038115,0.22166666666666668,0.18833333333333332,0.42320795214133006
window_0.14_to_0.64s,FC3,-0.2988471109399219,0.15889982751154078,0.22416666666666665,0.17833333333333334,0.3669503412253616
window_0.14_to_0.64s,FC1,-0.15317259329874983,0.15317259329874983,0.22833333333333333,0.15166666666666667,0.22702240723374673
window_0.14_to_0.64s,FCz,0.0,0.15569549444767522,0.2608333333333333,0.13333333333333333,0.24988051168544753
window_0.14_to_0.64s,FC2,0.15317259329874983,0.15317259329874983,0.255,0.1375,0.1888224119680883
window_0.14_to_0.64s,FC4,0.2988471109399219,0.15889982751154078,0.24,0.17666666666666667,0.3083752065928731
window_0.14_to_0.64s,FC6,0.4486894406361628,0.17223573916038115,0.22083333333333333,0.235,0.32785853993690184
window_0.14_to_0.64s,FT8,0.5922892699155132,0.19244644966295846,0.2175,0.2425,0.3533056777057176
window_0.14_to_0.64s,T7,-0.622769793137825,3.8133651688594835e-17,0.22583333333333333,0.1725,0.47931080917570584
window_0.14_to_0.64s,C5,-0.4670742986901498,2.860005224274434e-17,0.23,0.16333333333333333,0.5437440155238487
window_0.14_to_0.64s,C3,-0.31139098889535044,1.9067198891700998e-17,0.21,0.1675,0.43057122695960603
window_0.14_to_0.64s,C1,-0.15569549444767522,9.533599445850499e-18,0.19833333333333333,0.15583333333333332,0.38963298635174803
window_0.14_to_0.64s,Cz,0.0,0.0,0.20833333333333334,0.12166666666666667,0.13523588959995547
window_0.14_to_0.64s,C2,0.15569549444767522,9.533599445850499e-18,0.22166666666666668,0.17333333333333334,0.23112288427946898
window_0.14_to_0.64s,C4,0.31139098889535044,1.9067198891700998e-17,0.21666666666666667,0.20666666666666667,0.24607726175325995
window_0.14_to_0.64s,C6,0.4670742986901498,2.860005224274434e-17,0.22083333333333333,0.22333333333333333,0.26886888265685827
window_0.14_to_0.64s,T8,0.622769793137825,3.8133651688594835e-17,0.22833333333333333,0.22,0.4473651958026267
window_0.14_to_0.64s,M1,0.8664628506549251,5.305554783173226e-17,0.26916666666666667,0.14333333333333334,0.43523394452303277
window_0.14_to_0.64s,TP7,-0.5922892699155132,-0.19244644966295837,0.23583333333333334,0.155,0.6465738399092981
window_0.14_to_0.64s,CP5,-0.4486894406361628,-0.17223573916038112,0.24333333333333335,0.135,0.7683493551189521
window_0.14_to_0.64s,CP3,-0.2988471109399219,-0.15889982751154083,0.21916666666666668,0.135,0.40204947373130634
window_0.14_to_0.64s,CP1,-0.15317259329874983,-0.1531725932987498,0.2225,0.13916666666666666,0.36802408564793654
window_0.14_to_0.64s,CPZ,1.9067198891700998e-17,-0.15569549444767522,0.21583333333333332,0.1275,0.34059233394928945
window_0.14_to_0.64s,CP2,0.15317259329874983,-0.1531725932987498,0.2225,0.15416666666666667,0.3620794089713069
window_0.14_to_0.64s,CP4,0.2988471109399219,-0.15889982751154083,0.21083333333333334,0.17666666666666667,0.2834676197372114
window_0.14_to_0.64s,CP6,0.4486894406361628,-0.17223573916038112,0.23333333333333334,0.19083333333333333,0.3258670593558703
window_0.14_to_0.64s,TP8,0.5922892699155132,-0.19244644966295837,0.235,0.17416666666666666,0.3077364187721521
window_0.14_to_0.64s,M2,-0.8664628506549251,5.305554783173226e-17,0.23916666666666667,0.13666666666666666,0.3427797753151237
window_0.14_to_0.64s,P7,-0.5038313462318709,-0.3660548999796477,0.24083333333333334,0.135,0.7849571325269254
window_0.14_to_0.64s,P5,-0.3831644926704491,-0.33307981188050406,0.23,0.1325,0.8033917068340022
window_0.14_to_0.64s,P3,-0.2555991277378157,-0.31563863605626796,0.2325,0.1525,0.7501847553285075
window_0.14_to_0.64s,P1,-0.12679132837194132,-0.3138195499805803,0.24416666666666667,0.14583333333333334,0.6916675574051883
window_0.14_to_0.64s,PZ,3.8134397783401996e-17,-0.31139098889535044,0.24083333333333334,0.12083333333333333,1.0
window_0.14_to_0.64s,P2,0.12679132837194132,-0.3138195499805803,0.235,0.14666666666666667,0.4527619004228441
window_0.14_to_0.64s,P4,0.2555991277378157,-0.31563863605626796,0.23916666666666667,0.16833333333333333,0.4547150918248171
window_0.14_to_0.64s,P6,0.3831644926704491,-0.33307981188050406,0.24916666666666668,0.15583333333333332,0.5255368044682637
window_0.14_to_0.64s,P8,0.5038313462318709,-0.3660548999796477,0.225,0.15,0.38800447312605657
window_0.14_to_0.64s,PO7,-0.3660548999796478,-0.5038313462318709,0.2475,0.14,0.6948892141343053
window_0.14_to_0.64s,PO5,-0.3202971422372838,-0.4408511957539812,0.25,0.13333333333333333,0.6940822585998047
window_0.14_to_0.64s,PO3,-0.19572631237744492,-0.46110229606836256,0.2425,0.125,0.7096324875712542
window_0.14_to_0.64s,POz,5.720010448548868e-17,-0.4670742986901498,0.23583333333333334,0.10833333333333334,0.7640751775505842
window_0.14_to_0.64s,PO4,0.19572631237744492,-0.46110229606836256,0.23666666666666666,0.14166666666666666,0.5564394747165115
window_0.14_to_0.64s,PO6,0.3202971422372838,-0.4408511957539812,0.24083333333333334,0.15,0.5912311289602632
window_0.14_to_0.64s,PO8,0.3660548999796478,-0.5038313462318709,0.245,0.14916666666666667,0.5529263906452119
window_0.14_to_0.64s,CB1,-0.6222539674441618,-0.6222539674441617,0.24416666666666667,0.11,0.6298492296845033
window_0.14_to_0.64s,O1,-0.19244644966295849,-0.5922892699155132,0.245,0.11333333333333333,0.47275753130082543
window_0.14_to_0.64s,Oz,7.626730337718967e-17,-0.622769793137825,0.24166666666666667,0.12083333333333333,0.5086663302132288
window_0.14_to_0.64s,O2,0.19244644966295849,-0.5922892699155132,0.24666666666666667,0.13666666666666666,0.6826838711006383
window_0.14_to_0.64s,CB2,0.6222539674441618,-0.6222539674441617,0.24,0.14333333333333334,0.48623787903215343
